mut_1,mut_2,count,gene_name_1,gene_name_2,amenable_1,amenable_2,both_amenable,mouse_variant_1,mouse_variant_2,both_mouse
AACR-H0000122-M01,AACR-H0000123-M01,301,PDGFRA,SMC3,True,True,True,True,True,True
AACR-H0000124-M01,AACR-H0000118-M01,301,CBLB,SRSF2,False,True,False,,True,False
AACR-H0000122-M01,AACR-H0000118-M01,301,PDGFRA,SRSF2,True,True,True,True,True,True
AACR-H0000123-M01,AACR-H0000118-M01,301,SMC3,SRSF2,True,True,True,True,True,True
AACR-H0000124-M01,AACR-H0000123-M01,301,CBLB,SMC3,False,True,False,,True,False
AACR-H0000124-M01,AACR-H0000122-M01,301,CBLB,PDGFRA,False,True,False,,True,False
AACR-H0000128-M01,AACR-H0000124-M01,298,CBLB,CBLB,False,False,False,,,False
AACR-H0000128-M01,AACR-H0000123-M01,298,CBLB,SMC3,False,True,False,,True,False
AACR-H0000128-M01,AACR-H0000122-M01,298,CBLB,PDGFRA,False,True,False,,True,False
AACR-H0000128-M01,AACR-H0000118-M01,298,CBLB,SRSF2,False,True,False,,True,False
AACR-H0000118-M01,AACR-H0000132-M01,293,SRSF2,RUNX1,True,False,False,True,,False
AACR-H0000123-M01,AACR-H0000132-M01,292,SMC3,RUNX1,True,False,False,True,,False
AACR-H0000122-M01,AACR-H0000132-M01,292,PDGFRA,RUNX1,True,False,False,True,,False
AACR-H0000124-M01,AACR-H0000132-M01,292,CBLB,RUNX1,False,False,False,,,False
AACR-H0000124-M01,AACR-H0000133-M01,292,CBLB,CUX1,False,True,False,,True,False
AACR-H0000133-M01,AACR-H0000123-M01,292,CUX1,SMC3,True,True,True,True,True,True
AACR-H0000133-M01,AACR-H0000118-M01,292,CUX1,SRSF2,True,True,True,True,True,True
AACR-H0000122-M01,AACR-H0000133-M01,292,PDGFRA,CUX1,True,True,True,True,True,True
AACR-H0000136-M01,AACR-H0000118-M01,290,FLT3,SRSF2,True,True,True,True,True,True
AACR-H0000123-M01,AACR-H0000136-M01,290,SMC3,FLT3,True,True,True,True,True,True
AACR-H0000118-M01,AACR-H0000137-M01,290,SRSF2,SRSF2,True,True,True,True,True,True
AACR-H0000122-M01,AACR-H0000136-M01,290,PDGFRA,FLT3,True,True,True,True,True,True
AACR-H0000124-M01,AACR-H0000136-M01,290,CBLB,FLT3,False,True,False,,True,False
AACR-H0000128-M01,AACR-H0000132-M01,289,CBLB,RUNX1,False,False,False,,,False
AACR-H0000124-M01,AACR-H0000137-M01,289,CBLB,SRSF2,False,True,False,,True,False
AACR-H0000123-M01,AACR-H0000137-M01,289,SMC3,SRSF2,True,True,True,True,True,True
AACR-H0000128-M01,AACR-H0000133-M01,289,CBLB,CUX1,False,True,False,,True,False
AACR-H0000122-M01,AACR-H0000137-M01,289,PDGFRA,SRSF2,True,True,True,True,True,True
AACR-H0000128-M01,AACR-H0000136-M01,287,CBLB,FLT3,False,True,False,,True,False
AACR-H0000128-M01,AACR-H0000137-M01,286,CBLB,SRSF2,False,True,False,,True,False
AACR-H0000133-M01,AACR-H0000136-M01,285,CUX1,FLT3,True,True,True,True,True,True
AACR-H0000122-M01,AACR-H0000142-M01,284,PDGFRA,CUX1,True,False,False,True,,False
AACR-H0000124-M01,AACR-H0000142-M01,284,CBLB,CUX1,False,False,False,,,False
AACR-H0000142-M01,AACR-H0000118-M01,284,CUX1,SRSF2,False,True,False,,True,False
AACR-H0000142-M01,AACR-H0000123-M01,284,CUX1,SMC3,False,True,False,,True,False
AACR-H0000133-M01,AACR-H0000132-M01,283,CUX1,RUNX1,True,False,False,True,,False
AACR-H0000137-M01,AACR-H0000132-M01,282,SRSF2,RUNX1,True,False,False,True,,False
AACR-H0000128-M01,AACR-H0000142-M01,281,CBLB,CUX1,False,False,False,,,False
AACR-H0000136-M01,AACR-H0000132-M01,281,FLT3,RUNX1,True,False,False,True,,False
AACR-H0000145-M01,AACR-H0000118-M01,280,GATA2,SRSF2,True,True,True,True,True,True
AACR-H0000133-M01,AACR-H0000137-M01,280,CUX1,SRSF2,True,True,True,True,True,True
AACR-H0000124-M01,AACR-H0000145-M01,279,CBLB,GATA2,False,True,False,,True,False
AACR-H0000145-M01,AACR-H0000122-M01,279,GATA2,PDGFRA,True,True,True,True,True,True
AACR-H0000145-M01,AACR-H0000123-M01,279,GATA2,SMC3,True,True,True,True,True,True
AACR-H0000136-M01,AACR-H0000137-M01,278,FLT3,SRSF2,True,True,True,True,True,True
AACR-H0000147-M01,AACR-H0000122-M01,277,NRAS,PDGFRA,True,True,True,True,True,True
AACR-H0000147-M01,AACR-H0000124-M01,277,NRAS,CBLB,True,False,False,True,,False
AACR-H0000147-M01,AACR-H0000123-M01,277,NRAS,SMC3,True,True,True,True,True,True
AACR-H0000128-M01,AACR-H0000145-M01,277,CBLB,GATA2,False,True,False,,True,False
AACR-H0000147-M01,AACR-H0000118-M01,277,NRAS,SRSF2,True,True,True,True,True,True
AACR-H0000133-M01,AACR-H0000142-M01,276,CUX1,CUX1,True,False,False,True,,False
AACR-H0000142-M01,AACR-H0000132-M01,275,CUX1,RUNX1,False,False,False,,,False
AACR-H0000147-M01,AACR-H0000128-M01,275,NRAS,CBLB,True,False,False,True,,False
AACR-H0000142-M01,AACR-H0000137-M01,273,CUX1,SRSF2,False,True,False,,True,False
AACR-H0000142-M01,AACR-H0000136-M01,273,CUX1,FLT3,False,True,False,,True,False
AACR-H0000145-M01,AACR-H0000132-M01,271,GATA2,RUNX1,True,False,False,True,,False
AACR-H0000145-M01,AACR-H0000133-M01,271,GATA2,CUX1,True,True,True,True,True,True
AACR-H0000145-M01,AACR-H0000137-M01,270,GATA2,SRSF2,True,True,True,True,True,True
AACR-H0000145-M01,AACR-H0000136-M01,269,GATA2,FLT3,True,True,True,True,True,True
AACR-H0000147-M01,AACR-H0000132-M01,268,NRAS,RUNX1,True,False,False,True,,False
AACR-H0000147-M01,AACR-H0000133-M01,268,NRAS,CUX1,True,True,True,True,True,True
AACR-H0000158-M01,AACR-H0000118-M01,267,NOTCH1,SRSF2,True,True,True,True,True,True
AACR-H0000147-M01,AACR-H0000136-M01,266,NRAS,FLT3,True,True,True,True,True,True
AACR-H0000158-M01,AACR-H0000123-M01,266,NOTCH1,SMC3,True,True,True,True,True,True
AACR-H0000122-M01,AACR-H0000158-M01,266,PDGFRA,NOTCH1,True,True,True,True,True,True
AACR-H0000124-M01,AACR-H0000158-M01,266,CBLB,NOTCH1,False,True,False,,True,False
AACR-H0000147-M01,AACR-H0000137-M01,265,NRAS,SRSF2,True,True,True,True,True,True
AACR-H0000145-M01,AACR-H0000142-M01,265,GATA2,CUX1,True,False,False,True,,False
AACR-H0000128-M01,AACR-H0000158-M01,263,CBLB,NOTCH1,False,True,False,,True,False
AACR-H0000168-M01,AACR-H0000118-M01,261,NOTCH1,SRSF2,True,True,True,True,True,True
AACR-H0000166-M01,AACR-H0000168-M01,261,NOTCH1,NOTCH1,True,True,True,True,True,True
AACR-H0000166-M01,AACR-H0000118-M01,261,NOTCH1,SRSF2,True,True,True,True,True,True
AACR-H0000166-M01,AACR-H0000123-M01,260,NOTCH1,SMC3,True,True,True,True,True,True
AACR-H0000147-M01,AACR-H0000142-M01,260,NRAS,CUX1,True,False,False,True,,False
AACR-H0000124-M01,AACR-H0000166-M01,260,CBLB,NOTCH1,False,True,False,,True,False
AACR-H0000168-M01,AACR-H0000123-M01,260,NOTCH1,SMC3,True,True,True,True,True,True
AACR-H0000122-M01,AACR-H0000166-M01,260,PDGFRA,NOTCH1,True,True,True,True,True,True
AACR-H0000122-M01,AACR-H0000168-M01,260,PDGFRA,NOTCH1,True,True,True,True,True,True
AACR-H0000147-M01,AACR-H0000145-M01,260,NRAS,GATA2,True,True,True,True,True,True
AACR-H0000124-M01,AACR-H0000168-M01,260,CBLB,NOTCH1,False,True,False,,True,False
AACR-H0000133-M01,AACR-H0000158-M01,259,CUX1,NOTCH1,True,True,True,True,True,True
AACR-H0000158-M01,AACR-H0000132-M01,259,NOTCH1,RUNX1,True,False,False,True,,False
AACR-H0000128-M01,AACR-H0000166-M01,257,CBLB,NOTCH1,False,True,False,,True,False
AACR-H0000128-M01,AACR-H0000168-M01,257,CBLB,NOTCH1,False,True,False,,True,False
AACR-H0000172-M01,AACR-H0000124-M01,256,CBLB,CBLB,True,False,False,True,,False
AACR-H0000172-M01,AACR-H0000123-M01,256,CBLB,SMC3,True,True,True,True,True,True
AACR-H0000158-M01,AACR-H0000137-M01,256,NOTCH1,SRSF2,True,True,True,True,True,True
AACR-H0000172-M01,AACR-H0000122-M01,256,CBLB,PDGFRA,True,True,True,True,True,True
AACR-H0000172-M01,AACR-H0000118-M01,256,CBLB,SRSF2,True,True,True,True,True,True
AACR-H0000128-M01,AACR-H0000172-M01,256,CBLB,CBLB,False,True,False,,True,False
AACR-H0000158-M01,AACR-H0000136-M01,255,NOTCH1,FLT3,True,True,True,True,True,True
AACR-H0000168-M01,AACR-H0000132-M01,253,NOTCH1,RUNX1,True,False,False,True,,False
AACR-H0000133-M01,AACR-H0000166-M01,253,CUX1,NOTCH1,True,True,True,True,True,True
AACR-H0000133-M01,AACR-H0000168-M01,253,CUX1,NOTCH1,True,True,True,True,True,True
AACR-H0000166-M01,AACR-H0000132-M01,253,NOTCH1,RUNX1,True,False,False,True,,False
AACR-H0000158-M01,AACR-H0000166-M01,252,NOTCH1,NOTCH1,True,True,True,True,True,True
AACR-H0000158-M01,AACR-H0000168-M01,252,NOTCH1,NOTCH1,True,True,True,True,True,True
AACR-H0000142-M01,AACR-H0000158-M01,252,CUX1,NOTCH1,False,True,False,,True,False
AACR-H0000172-M01,AACR-H0000132-M01,250,CBLB,RUNX1,True,False,False,True,,False
AACR-H0000166-M01,AACR-H0000137-M01,250,NOTCH1,SRSF2,True,True,True,True,True,True
AACR-H0000168-M01,AACR-H0000137-M01,250,NOTCH1,SRSF2,True,True,True,True,True,True
AACR-H0000178-M01,AACR-H0000118-M01,250,NOTCH1,SRSF2,False,True,False,,True,False
AACR-H0000122-M01,AACR-H0000178-M01,249,PDGFRA,NOTCH1,True,False,False,True,,False
AACR-H0000166-M01,AACR-H0000136-M01,249,NOTCH1,FLT3,True,True,True,True,True,True
AACR-H0000178-M01,AACR-H0000123-M01,249,NOTCH1,SMC3,False,True,False,,True,False
AACR-H0000124-M01,AACR-H0000178-M01,249,CBLB,NOTCH1,False,False,False,,,False
AACR-H0000168-M01,AACR-H0000136-M01,249,NOTCH1,FLT3,True,True,True,True,True,True
AACR-H0000145-M01,AACR-H0000158-M01,248,GATA2,NOTCH1,True,True,True,True,True,True
AACR-H0000180-M01,AACR-H0000118-M01,248,NOTCH1,SRSF2,False,True,False,,True,False
AACR-H0000172-M01,AACR-H0000133-M01,248,CBLB,CUX1,True,True,True,True,True,True
AACR-H0000172-M01,AACR-H0000136-M01,248,CBLB,FLT3,True,True,True,True,True,True
AACR-H0000180-M01,AACR-H0000158-M01,248,NOTCH1,NOTCH1,False,True,False,,True,False
AACR-H0000147-M01,AACR-H0000158-M01,247,NRAS,NOTCH1,True,True,True,True,True,True
AACR-H0000122-M01,AACR-H0000180-M01,247,PDGFRA,NOTCH1,True,False,False,True,,False
AACR-H0000124-M01,AACR-H0000180-M01,247,CBLB,NOTCH1,False,False,False,,,False
AACR-H0000180-M01,AACR-H0000123-M01,247,NOTCH1,SMC3,False,True,False,,True,False
AACR-H0000128-M01,AACR-H0000178-M01,246,CBLB,NOTCH1,False,False,False,,,False
AACR-H0000142-M01,AACR-H0000168-M01,246,CUX1,NOTCH1,False,True,False,,True,False
AACR-H0000142-M01,AACR-H0000166-M01,246,CUX1,NOTCH1,False,True,False,,True,False
AACR-H0000128-M01,AACR-H0000180-M01,245,CBLB,NOTCH1,False,False,False,,,False
AACR-H0000145-M01,AACR-H0000166-M01,244,GATA2,NOTCH1,True,True,True,True,True,True
AACR-H0000145-M01,AACR-H0000168-M01,244,GATA2,NOTCH1,True,True,True,True,True,True
AACR-H0000172-M01,AACR-H0000137-M01,244,CBLB,SRSF2,True,True,True,True,True,True
AACR-H0000168-M01,AACR-H0000178-M01,244,NOTCH1,NOTCH1,True,False,False,True,,False
AACR-H0000166-M01,AACR-H0000178-M01,244,NOTCH1,NOTCH1,True,False,False,True,,False
AACR-H0000133-M01,AACR-H0000178-M01,243,CUX1,NOTCH1,True,False,False,True,,False
AACR-H0000185-M01,AACR-H0000118-M01,243,CSF3R,SRSF2,True,True,True,True,True,True
AACR-H0000172-M01,AACR-H0000142-M01,242,CBLB,CUX1,True,False,False,True,,False
AACR-H0000185-M01,AACR-H0000123-M01,242,CSF3R,SMC3,True,True,True,True,True,True
AACR-H0000185-M01,AACR-H0000124-M01,242,CSF3R,CBLB,True,False,False,True,,False
AACR-H0000178-M01,AACR-H0000132-M01,242,NOTCH1,RUNX1,False,False,False,,,False
AACR-H0000185-M01,AACR-H0000122-M01,242,CSF3R,PDGFRA,True,True,True,True,True,True
AACR-H0000180-M01,AACR-H0000132-M01,241,NOTCH1,RUNX1,False,False,False,,,False
AACR-H0000158-M01,AACR-H0000178-M01,241,NOTCH1,NOTCH1,True,False,False,True,,False
AACR-H0000133-M01,AACR-H0000180-M01,240,CUX1,NOTCH1,True,False,False,True,,False
AACR-H0000147-M01,AACR-H0000172-M01,240,NRAS,CBLB,True,True,True,True,True,True
AACR-H0000185-M01,AACR-H0000128-M01,240,CSF3R,CBLB,True,False,False,True,,False
AACR-H0000147-M01,AACR-H0000166-M01,240,NRAS,NOTCH1,True,True,True,True,True,True
AACR-H0000147-M01,AACR-H0000168-M01,240,NRAS,NOTCH1,True,True,True,True,True,True
AACR-H0000180-M01,AACR-H0000137-M01,239,NOTCH1,SRSF2,False,True,False,,True,False
AACR-H0000178-M01,AACR-H0000137-M01,239,NOTCH1,SRSF2,False,True,False,,True,False
AACR-H0000178-M01,AACR-H0000136-M01,238,NOTCH1,FLT3,False,True,False,,True,False
AACR-H0000172-M01,AACR-H0000145-M01,238,CBLB,GATA2,True,True,True,True,True,True
AACR-H0000180-M01,AACR-H0000136-M01,237,NOTCH1,FLT3,False,True,False,,True,False
AACR-H0000142-M01,AACR-H0000178-M01,236,CUX1,NOTCH1,False,False,False,,,False
AACR-H0000185-M01,AACR-H0000133-M01,235,CSF3R,CUX1,True,True,True,True,True,True
AACR-H0000145-M01,AACR-H0000178-M01,234,GATA2,NOTCH1,True,False,False,True,,False
AACR-H0000180-M01,AACR-H0000166-M01,234,NOTCH1,NOTCH1,False,True,False,,True,False
AACR-H0000185-M01,AACR-H0000132-M01,234,CSF3R,RUNX1,True,False,False,True,,False
AACR-H0000180-M01,AACR-H0000168-M01,234,NOTCH1,NOTCH1,False,True,False,,True,False
AACR-H0000185-M01,AACR-H0000136-M01,233,CSF3R,FLT3,True,True,True,True,True,True
AACR-H0000142-M01,AACR-H0000180-M01,233,CUX1,NOTCH1,False,False,False,,,False
AACR-H0000185-M01,AACR-H0000137-M01,232,CSF3R,SRSF2,True,True,True,True,True,True
AACR-H0000118-M01,AACR-H0000198-M01,232,SRSF2,RUNX1,True,False,False,True,,False
AACR-H0000123-M01,AACR-H0000198-M01,231,SMC3,RUNX1,True,False,False,True,,False
AACR-H0000122-M01,AACR-H0000198-M01,231,PDGFRA,RUNX1,True,False,False,True,,False
AACR-H0000124-M01,AACR-H0000198-M01,231,CBLB,RUNX1,False,False,False,,,False
AACR-H0000185-M01,AACR-H0000142-M01,230,CSF3R,CUX1,True,False,False,True,,False
AACR-H0000147-M01,AACR-H0000178-M01,230,NRAS,NOTCH1,True,False,False,True,,False
AACR-H0000118-M01,AACR-H0000203-M01,230,SRSF2,SETBP1,True,False,False,True,,False
AACR-H0000122-M01,AACR-H0000203-M01,230,PDGFRA,SETBP1,True,False,False,True,,False
AACR-H0000123-M01,AACR-H0000203-M01,230,SMC3,SETBP1,True,False,False,True,,False
AACR-H0000145-M01,AACR-H0000180-M01,230,GATA2,NOTCH1,True,False,False,True,,False
AACR-H0000124-M01,AACR-H0000203-M01,230,CBLB,SETBP1,False,False,False,,,False
AACR-H0000128-M01,AACR-H0000198-M01,230,CBLB,RUNX1,False,False,False,,,False
AACR-H0000147-M01,AACR-H0000180-M01,229,NRAS,NOTCH1,True,False,False,True,,False
AACR-H0000128-M01,AACR-H0000203-M01,228,CBLB,SETBP1,False,False,False,,,False
AACR-H0000172-M01,AACR-H0000158-M01,227,CBLB,NOTCH1,True,True,True,True,True,True
AACR-H0000185-M01,AACR-H0000145-M01,226,CSF3R,GATA2,True,True,True,True,True,True
AACR-H0000133-M01,AACR-H0000198-M01,226,CUX1,RUNX1,True,False,False,True,,False
AACR-H0000133-M01,AACR-H0000203-M01,226,CUX1,SETBP1,True,False,False,True,,False
AACR-H0000185-M01,AACR-H0000147-M01,225,CSF3R,NRAS,True,True,True,True,True,True
AACR-H0000136-M01,AACR-H0000203-M01,224,FLT3,SETBP1,True,False,False,True,,False
AACR-H0000132-M01,AACR-H0000198-M01,223,RUNX1,RUNX1,False,False,False,,,False
AACR-H0000180-M01,AACR-H0000178-M01,223,NOTCH1,NOTCH1,False,False,False,,,False
AACR-H0000136-M01,AACR-H0000198-M01,222,FLT3,RUNX1,True,False,False,True,,False
AACR-H0000203-M01,AACR-H0000132-M01,222,SETBP1,RUNX1,False,False,False,,,False
AACR-H0000137-M01,AACR-H0000203-M01,222,SRSF2,SETBP1,True,False,False,True,,False
AACR-H0000142-M01,AACR-H0000198-M01,221,CUX1,RUNX1,False,False,False,,,False
AACR-H0000172-M01,AACR-H0000166-M01,221,CBLB,NOTCH1,True,True,True,True,True,True
AACR-H0000172-M01,AACR-H0000168-M01,221,CBLB,NOTCH1,True,True,True,True,True,True
AACR-H0000137-M01,AACR-H0000198-M01,220,SRSF2,RUNX1,True,False,False,True,,False
AACR-H0000142-M01,AACR-H0000203-M01,216,CUX1,SETBP1,False,False,False,,,False
AACR-H0000215-M01,AACR-H0000118-M01,216,NOTCH1,SRSF2,False,True,False,True,True,True
AACR-H0000215-M01,AACR-H0000166-M01,216,NOTCH1,NOTCH1,False,True,False,True,True,True
AACR-H0000215-M01,AACR-H0000168-M01,216,NOTCH1,NOTCH1,False,True,False,True,True,True
AACR-H0000124-M01,AACR-H0000215-M01,215,CBLB,NOTCH1,False,False,False,,True,False
AACR-H0000122-M01,AACR-H0000215-M01,215,PDGFRA,NOTCH1,True,False,False,True,True,True
AACR-H0000185-M01,AACR-H0000158-M01,215,CSF3R,NOTCH1,True,True,True,True,True,True
AACR-H0000215-M01,AACR-H0000123-M01,215,NOTCH1,SMC3,False,True,False,True,True,True
AACR-H0000147-M01,AACR-H0000198-M01,214,NRAS,RUNX1,True,False,False,True,,False
AACR-H0000147-M01,AACR-H0000203-M01,214,NRAS,SETBP1,True,False,False,True,,False
AACR-H0000128-M01,AACR-H0000215-M01,213,CBLB,NOTCH1,False,False,False,,True,False
AACR-H0000145-M01,AACR-H0000198-M01,213,GATA2,RUNX1,True,False,False,True,,False
AACR-H0000172-M01,AACR-H0000178-M01,212,CBLB,NOTCH1,True,False,False,True,,False
AACR-H0000172-M01,AACR-H0000180-M01,212,CBLB,NOTCH1,True,False,False,True,,False
AACR-H0000145-M01,AACR-H0000203-M01,210,GATA2,SETBP1,True,False,False,True,,False
AACR-H0000123-M01,AACR-H0000226-M01,209,SMC3,ZRSR2,True,False,False,True,True,True
AACR-H0000122-M01,AACR-H0000226-M01,209,PDGFRA,ZRSR2,True,False,False,True,True,True
AACR-H0000124-M01,AACR-H0000226-M01,209,CBLB,ZRSR2,False,False,False,,True,False
AACR-H0000118-M01,AACR-H0000226-M01,209,SRSF2,ZRSR2,True,False,False,True,True,True
AACR-H0000133-M01,AACR-H0000215-M01,208,CUX1,NOTCH1,True,False,False,True,True,True
AACR-H0000158-M01,AACR-H0000215-M01,208,NOTCH1,NOTCH1,True,False,False,True,True,True
AACR-H0000215-M01,AACR-H0000132-M01,208,NOTCH1,RUNX1,False,False,False,True,,False
AACR-H0000215-M01,AACR-H0000137-M01,207,NOTCH1,SRSF2,False,True,False,True,True,True
AACR-H0000185-M01,AACR-H0000168-M01,207,CSF3R,NOTCH1,True,True,True,True,True,True
AACR-H0000185-M01,AACR-H0000166-M01,207,CSF3R,NOTCH1,True,True,True,True,True,True
AACR-H0000185-M01,AACR-H0000172-M01,207,CSF3R,CBLB,True,True,True,True,True,True
AACR-H0000128-M01,AACR-H0000226-M01,206,CBLB,ZRSR2,False,False,False,,True,False
AACR-H0000215-M01,AACR-H0000136-M01,205,NOTCH1,FLT3,False,True,False,True,True,True
AACR-H0000158-M01,AACR-H0000203-M01,204,NOTCH1,SETBP1,True,False,False,True,,False
AACR-H0000132-M01,AACR-H0000226-M01,204,RUNX1,ZRSR2,False,False,False,,True,False
AACR-H0000133-M01,AACR-H0000226-M01,204,CUX1,ZRSR2,True,False,False,True,True,True
AACR-H0000158-M01,AACR-H0000198-M01,203,NOTCH1,RUNX1,True,False,False,True,,False
AACR-H0000180-M01,AACR-H0000215-M01,203,NOTCH1,NOTCH1,False,False,False,,True,False
AACR-H0000147-M01,AACR-H0000215-M01,202,NRAS,NOTCH1,True,False,False,True,True,True
AACR-H0000145-M01,AACR-H0000215-M01,202,GATA2,NOTCH1,True,False,False,True,True,True
AACR-H0000185-M01,AACR-H0000178-M01,201,CSF3R,NOTCH1,True,False,False,True,,False
AACR-H0000142-M01,AACR-H0000215-M01,201,CUX1,NOTCH1,False,False,False,,True,False
AACR-H0000136-M01,AACR-H0000226-M01,200,FLT3,ZRSR2,True,False,False,True,True,True
AACR-H0000166-M01,AACR-H0000203-M01,200,NOTCH1,SETBP1,True,False,False,True,,False
AACR-H0000137-M01,AACR-H0000226-M01,200,SRSF2,ZRSR2,True,False,False,True,True,True
AACR-H0000168-M01,AACR-H0000203-M01,200,NOTCH1,SETBP1,True,False,False,True,,False
AACR-H0000142-M01,AACR-H0000226-M01,199,CUX1,ZRSR2,False,False,False,,True,False
AACR-H0000166-M01,AACR-H0000198-M01,199,NOTCH1,RUNX1,True,False,False,True,,False
AACR-H0000215-M01,AACR-H0000178-M01,199,NOTCH1,NOTCH1,False,False,False,True,,False
AACR-H0000168-M01,AACR-H0000198-M01,199,NOTCH1,RUNX1,True,False,False,True,,False
AACR-H0000172-M01,AACR-H0000203-M01,197,CBLB,SETBP1,True,False,False,True,,False
AACR-H0000185-M01,AACR-H0000180-M01,196,CSF3R,NOTCH1,True,False,False,True,,False
AACR-H0000124-M01,AACR-H0000238-M01,195,CBLB,NPM1,False,False,False,,,False
AACR-H0000238-M01,AACR-H0000123-M01,195,NPM1,SMC3,False,True,False,,True,False
AACR-H0000238-M01,AACR-H0000118-M01,195,NPM1,SRSF2,False,True,False,,True,False
AACR-H0000122-M01,AACR-H0000238-M01,195,PDGFRA,NPM1,True,False,False,True,,False
AACR-H0000145-M01,AACR-H0000226-M01,194,GATA2,ZRSR2,True,False,False,True,True,True
AACR-H0000128-M01,AACR-H0000238-M01,193,CBLB,NPM1,False,False,False,,,False
AACR-H0000172-M01,AACR-H0000198-M01,193,CBLB,RUNX1,True,False,False,True,,False
AACR-H0000147-M01,AACR-H0000226-M01,192,NRAS,ZRSR2,True,False,False,True,True,True
AACR-H0000180-M01,AACR-H0000198-M01,192,NOTCH1,RUNX1,False,False,False,,,False
AACR-H0000180-M01,AACR-H0000203-M01,192,NOTCH1,SETBP1,False,False,False,,,False
AACR-H0000238-M01,AACR-H0000137-M01,191,NPM1,SRSF2,False,True,False,,True,False
AACR-H0000158-M01,AACR-H0000226-M01,191,NOTCH1,ZRSR2,True,False,False,True,True,True
AACR-H0000178-M01,AACR-H0000203-M01,190,NOTCH1,SETBP1,False,False,False,,,False
AACR-H0000185-M01,AACR-H0000198-M01,190,CSF3R,RUNX1,True,False,False,True,,False
AACR-H0000238-M01,AACR-H0000133-M01,190,NPM1,CUX1,False,True,False,,True,False
AACR-H0000178-M01,AACR-H0000198-M01,189,NOTCH1,RUNX1,False,False,False,,,False
AACR-H0000185-M01,AACR-H0000203-M01,188,CSF3R,SETBP1,True,False,False,True,,False
AACR-H0000238-M01,AACR-H0000132-M01,188,NPM1,RUNX1,False,False,False,,,False
AACR-H0000250-M01,AACR-H0000123-M01,187,PTEN,SMC3,False,True,False,,True,False
AACR-H0000001-M01,AACR-H0000004-M01,187,KRAS,PIK3CA,True,True,True,True,True,True
AACR-H0000251-M01,AACR-H0000118-M01,187,CUX1,SRSF2,True,True,True,True,True,True
AACR-H0000122-M01,AACR-H0000250-M01,187,PDGFRA,PTEN,True,False,False,True,,False
AACR-H0000250-M01,AACR-H0000118-M01,187,PTEN,SRSF2,False,True,False,,True,False
AACR-H0000238-M01,AACR-H0000136-M01,187,NPM1,FLT3,False,True,False,,True,False
AACR-H0000124-M01,AACR-H0000250-M01,187,CBLB,PTEN,False,False,False,,,False
AACR-H0000124-M01,AACR-H0000251-M01,186,CBLB,CUX1,False,True,False,,True,False
AACR-H0000122-M01,AACR-H0000251-M01,186,PDGFRA,CUX1,True,True,True,True,True,True
AACR-H0000251-M01,AACR-H0000123-M01,186,CUX1,SMC3,True,True,True,True,True,True
AACR-H0000128-M01,AACR-H0000251-M01,185,CBLB,CUX1,False,True,False,,True,False
AACR-H0000128-M01,AACR-H0000250-M01,184,CBLB,PTEN,False,False,False,,,False
AACR-H0000238-M01,AACR-H0000142-M01,184,NPM1,CUX1,False,False,False,,,False
AACR-H0000166-M01,AACR-H0000226-M01,183,NOTCH1,ZRSR2,True,False,False,True,True,True
AACR-H0000168-M01,AACR-H0000226-M01,183,NOTCH1,ZRSR2,True,False,False,True,True,True
AACR-H0000133-M01,AACR-H0000250-M01,183,CUX1,PTEN,True,False,False,True,,False
AACR-H0000147-M01,AACR-H0000238-M01,183,NRAS,NPM1,True,False,False,True,,False
AACR-H0000172-M01,AACR-H0000215-M01,183,CBLB,NOTCH1,True,False,False,True,True,True
AACR-H0000251-M01,AACR-H0000133-M01,183,CUX1,CUX1,True,True,True,True,True,True
AACR-H0000172-M01,AACR-H0000226-M01,182,CBLB,ZRSR2,True,False,False,True,True,True
AACR-H0000251-M01,AACR-H0000258-M01,182,CUX1,CUX1,True,True,True,True,True,True
AACR-H0000258-M01,AACR-H0000118-M01,182,CUX1,SRSF2,True,True,True,True,True,True
AACR-H0000011-M01,AACR-H0000009-M01,182,TP53,IDH1,True,True,True,True,True,True
AACR-H0000258-M01,AACR-H0000123-M01,181,CUX1,SMC3,True,True,True,True,True,True
AACR-H0000124-M01,AACR-H0000258-M01,181,CBLB,CUX1,False,True,False,,True,False
AACR-H0000250-M01,AACR-H0000136-M01,181,PTEN,FLT3,False,True,False,,True,False
AACR-H0000250-M01,AACR-H0000132-M01,181,PTEN,RUNX1,False,False,False,,,False
AACR-H0000122-M01,AACR-H0000258-M01,181,PDGFRA,CUX1,True,True,True,True,True,True
AACR-H0000128-M01,AACR-H0000258-M01,180,CBLB,CUX1,False,True,False,,True,False
AACR-H0000251-M01,AACR-H0000132-M01,180,CUX1,RUNX1,True,False,False,True,,False
AACR-H0000145-M01,AACR-H0000238-M01,180,GATA2,NPM1,True,False,False,True,,False
AACR-H0000001-M01,AACR-H0000007-M01,179,KRAS,TP53,True,True,True,True,True,True
AACR-H0000250-M01,AACR-H0000137-M01,179,PTEN,SRSF2,False,True,False,,True,False
AACR-H0000251-M01,AACR-H0000137-M01,179,CUX1,SRSF2,True,True,True,True,True,True
AACR-H0000251-M01,AACR-H0000136-M01,178,CUX1,FLT3,True,True,True,True,True,True
AACR-H0000258-M01,AACR-H0000133-M01,178,CUX1,CUX1,True,True,True,True,True,True
AACR-H0000145-M01,AACR-H0000251-M01,176,GATA2,CUX1,True,True,True,True,True,True
AACR-H0000180-M01,AACR-H0000226-M01,176,NOTCH1,ZRSR2,False,False,False,,True,False
AACR-H0000009-M01,AACR-H0000011-M01,175,IDH1,TP53,True,True,True,True,True,True
AACR-H0000147-M01,AACR-H0000251-M01,175,NRAS,CUX1,True,True,True,True,True,True
AACR-H0000142-M01,AACR-H0000250-M01,175,CUX1,PTEN,False,False,False,,,False
AACR-H0000258-M01,AACR-H0000132-M01,175,CUX1,RUNX1,True,False,False,True,,False
AACR-H0000258-M01,AACR-H0000137-M01,175,CUX1,SRSF2,True,True,True,True,True,True
AACR-H0000178-M01,AACR-H0000226-M01,174,NOTCH1,ZRSR2,False,False,False,,True,False
AACR-H0000185-M01,AACR-H0000226-M01,174,CSF3R,ZRSR2,True,False,False,True,True,True
AACR-H0000007-M01,AACR-H0000001-M01,174,TP53,KRAS,True,True,True,True,True,True
AACR-H0000251-M01,AACR-H0000142-M01,173,CUX1,CUX1,True,False,False,True,,False
AACR-H0000203-M01,AACR-H0000198-M01,173,SETBP1,RUNX1,False,False,False,,,False
AACR-H0000258-M01,AACR-H0000136-M01,173,CUX1,FLT3,True,True,True,True,True,True
AACR-H0000124-M01,AACR-H0000273-M01,172,CBLB,JAK3,False,False,False,,,False
AACR-H0000123-M01,AACR-H0000273-M01,172,SMC3,JAK3,True,False,False,True,,False
AACR-H0000128-M01,AACR-H0000273-M01,172,CBLB,JAK3,False,False,False,,,False
AACR-H0000118-M01,AACR-H0000273-M01,172,SRSF2,JAK3,True,False,False,True,,False
AACR-H0000145-M01,AACR-H0000250-M01,172,GATA2,PTEN,True,False,False,True,,False
AACR-H0000238-M01,AACR-H0000158-M01,172,NPM1,NOTCH1,False,True,False,,True,False
AACR-H0000122-M01,AACR-H0000273-M01,172,PDGFRA,JAK3,True,False,False,True,,False
AACR-H0000145-M01,AACR-H0000258-M01,171,GATA2,CUX1,True,True,True,True,True,True
AACR-H0000147-M01,AACR-H0000250-M01,170,NRAS,PTEN,True,False,False,True,,False
AACR-H0000147-M01,AACR-H0000258-M01,170,NRAS,CUX1,True,True,True,True,True,True
AACR-H0000215-M01,AACR-H0000198-M01,169,NOTCH1,RUNX1,False,False,False,True,,False
AACR-H0000158-M01,AACR-H0000250-M01,168,NOTCH1,PTEN,True,False,False,True,,False
AACR-H0000258-M01,AACR-H0000142-M01,168,CUX1,CUX1,True,False,False,True,,False
AACR-H0000172-M01,AACR-H0000238-M01,167,CBLB,NPM1,True,False,False,True,,False
AACR-H0000251-M01,AACR-H0000158-M01,167,CUX1,NOTCH1,True,True,True,True,True,True
AACR-H0000238-M01,AACR-H0000168-M01,167,NPM1,NOTCH1,False,True,False,,True,False
AACR-H0000166-M01,AACR-H0000250-M01,167,NOTCH1,PTEN,True,False,False,True,,False
AACR-H0000238-M01,AACR-H0000166-M01,167,NPM1,NOTCH1,False,True,False,,True,False
AACR-H0000168-M01,AACR-H0000250-M01,167,NOTCH1,PTEN,True,False,False,True,,False
AACR-H0000137-M01,AACR-H0000273-M01,166,SRSF2,JAK3,True,False,False,True,,False
AACR-H0000185-M01,AACR-H0000215-M01,166,CSF3R,NOTCH1,True,False,False,True,True,True
AACR-H0000136-M01,AACR-H0000273-M01,165,FLT3,JAK3,True,False,False,True,,False
AACR-H0000215-M01,AACR-H0000203-M01,165,NOTCH1,SETBP1,False,False,False,True,,False
AACR-H0000142-M01,AACR-H0000273-M01,165,CUX1,JAK3,False,False,False,,,False
AACR-H0000133-M01,AACR-H0000273-M01,164,CUX1,JAK3,True,False,False,True,,False
AACR-H0000273-M01,AACR-H0000132-M01,164,JAK3,RUNX1,False,False,False,,,False
AACR-H0000258-M01,AACR-H0000158-M01,163,CUX1,NOTCH1,True,True,True,True,True,True
AACR-H0000238-M01,AACR-H0000178-M01,163,NPM1,NOTCH1,False,False,False,,,False
AACR-H0000185-M01,AACR-H0000238-M01,163,CSF3R,NPM1,True,False,False,True,,False
AACR-H0000147-M01,AACR-H0000273-M01,162,NRAS,JAK3,True,False,False,True,,False
AACR-H0000145-M01,AACR-H0000273-M01,162,GATA2,JAK3,True,False,False,True,,False
AACR-H0000198-M01,AACR-H0000226-M01,161,RUNX1,ZRSR2,False,False,False,,True,False
AACR-H0000178-M01,AACR-H0000250-M01,161,NOTCH1,PTEN,False,False,False,,,False
AACR-H0000238-M01,AACR-H0000180-M01,160,NPM1,NOTCH1,False,False,False,,,False
AACR-H0000251-M01,AACR-H0000166-M01,159,CUX1,NOTCH1,True,True,True,True,True,True
AACR-H0000251-M01,AACR-H0000168-M01,159,CUX1,NOTCH1,True,True,True,True,True,True
AACR-H0000203-M01,AACR-H0000226-M01,159,SETBP1,ZRSR2,False,False,False,,True,False
AACR-H0000172-M01,AACR-H0000251-M01,159,CBLB,CUX1,True,True,True,True,True,True
AACR-H0000251-M01,AACR-H0000178-M01,158,CUX1,NOTCH1,True,False,False,True,,False
AACR-H0000238-M01,AACR-H0000203-M01,157,NPM1,SETBP1,False,False,False,,,False
AACR-H0000185-M01,AACR-H0000251-M01,156,CSF3R,CUX1,True,True,True,True,True,True
AACR-H0000180-M01,AACR-H0000250-M01,155,NOTCH1,PTEN,False,False,False,,,False
AACR-H0000172-M01,AACR-H0000250-M01,155,CBLB,PTEN,True,False,False,True,,False
AACR-H0000251-M01,AACR-H0000180-M01,155,CUX1,NOTCH1,True,False,False,True,,False
AACR-H0000258-M01,AACR-H0000166-M01,155,CUX1,NOTCH1,True,True,True,True,True,True
AACR-H0000258-M01,AACR-H0000168-M01,155,CUX1,NOTCH1,True,True,True,True,True,True
AACR-H0000172-M01,AACR-H0000258-M01,154,CBLB,CUX1,True,True,True,True,True,True
AACR-H0000258-M01,AACR-H0000178-M01,154,CUX1,NOTCH1,True,False,False,True,,False
AACR-H0000316-M01,AACR-H0000124-M01,153,SF3B1,CBLB,True,False,False,True,,False
AACR-H0000316-M01,AACR-H0000123-M01,153,SF3B1,SMC3,True,True,True,True,True,True
AACR-H0000316-M01,AACR-H0000122-M01,153,SF3B1,PDGFRA,True,True,True,True,True,True
AACR-H0000316-M01,AACR-H0000118-M01,153,SF3B1,SRSF2,True,True,True,True,True,True
AACR-H0000316-M01,AACR-H0000136-M01,153,SF3B1,FLT3,True,True,True,True,True,True
AACR-H0000258-M01,AACR-H0000180-M01,152,CUX1,NOTCH1,True,False,False,True,,False
AACR-H0000316-M01,AACR-H0000128-M01,151,SF3B1,CBLB,True,False,False,True,,False
AACR-H0000185-M01,AACR-H0000258-M01,151,CSF3R,CUX1,True,True,True,True,True,True
AACR-H0000316-M01,AACR-H0000137-M01,151,SF3B1,SRSF2,True,True,True,True,True,True
AACR-H0000316-M01,AACR-H0000132-M01,151,SF3B1,RUNX1,True,False,False,True,,False
AACR-H0000172-M01,AACR-H0000273-M01,151,CBLB,JAK3,True,False,False,True,,False
AACR-H0000168-M01,AACR-H0000273-M01,150,NOTCH1,JAK3,True,False,False,True,,False
AACR-H0000316-M01,AACR-H0000133-M01,150,SF3B1,CUX1,True,True,True,True,True,True
AACR-H0000238-M01,AACR-H0000198-M01,150,NPM1,RUNX1,False,False,False,,,False
AACR-H0000250-M01,AACR-H0000203-M01,150,PTEN,SETBP1,False,False,False,,,False
AACR-H0000166-M01,AACR-H0000273-M01,150,NOTCH1,JAK3,True,False,False,True,,False
AACR-H0000185-M01,AACR-H0000250-M01,149,CSF3R,PTEN,True,False,False,True,,False
AACR-H0000325-M01,AACR-H0000118-M01,149,CBL,SRSF2,False,True,False,,True,False
AACR-H0000158-M01,AACR-H0000273-M01,149,NOTCH1,JAK3,True,False,False,True,,False
AACR-H0000123-M01,AACR-H0000325-M01,148,SMC3,CBL,True,False,False,True,,False
AACR-H0000122-M01,AACR-H0000325-M01,148,PDGFRA,CBL,True,False,False,True,,False
AACR-H0000215-M01,AACR-H0000226-M01,148,NOTCH1,ZRSR2,False,False,False,True,True,True
AACR-H0000124-M01,AACR-H0000325-M01,148,CBLB,CBL,False,False,False,,,False
AACR-H0000325-M01,AACR-H0000136-M01,147,CBL,FLT3,False,True,False,,True,False
AACR-H0000133-M01,AACR-H0000325-M01,146,CUX1,CBL,True,False,False,True,,False
AACR-H0000185-M01,AACR-H0000273-M01,146,CSF3R,JAK3,True,False,False,True,,False
AACR-H0000325-M01,AACR-H0000132-M01,146,CBL,RUNX1,False,False,False,,,False
AACR-H0000128-M01,AACR-H0000325-M01,146,CBLB,CBL,False,False,False,,,False
AACR-H0000325-M01,AACR-H0000137-M01,145,CBL,SRSF2,False,True,False,,True,False
AACR-H0000122-M01,AACR-H0000336-M01,144,PDGFRA,JAK3,True,True,True,True,True,True
AACR-H0000123-M01,AACR-H0000336-M01,144,SMC3,JAK3,True,True,True,True,True,True
AACR-H0000336-M01,AACR-H0000273-M01,144,JAK3,JAK3,True,False,False,True,,False
AACR-H0000124-M01,AACR-H0000336-M01,144,CBLB,JAK3,False,True,False,,True,False
AACR-H0000178-M01,AACR-H0000273-M01,144,NOTCH1,JAK3,False,False,False,,,False
AACR-H0000128-M01,AACR-H0000336-M01,144,CBLB,JAK3,False,True,False,,True,False
AACR-H0000118-M01,AACR-H0000336-M01,144,SRSF2,JAK3,True,True,True,True,True,True
AACR-H0000316-M01,AACR-H0000142-M01,143,SF3B1,CUX1,True,False,False,True,,False
AACR-H0000128-M01,AACR-H0000339-M01,143,CBLB,JAK3,False,True,False,,True,False
AACR-H0000339-M01,AACR-H0000273-M01,143,JAK3,JAK3,True,False,False,True,,False
AACR-H0000336-M01,AACR-H0000339-M01,143,JAK3,JAK3,True,True,True,True,True,True
AACR-H0000123-M01,AACR-H0000339-M01,143,SMC3,JAK3,True,True,True,True,True,True
AACR-H0000122-M01,AACR-H0000339-M01,143,PDGFRA,JAK3,True,True,True,True,True,True
AACR-H0000124-M01,AACR-H0000339-M01,143,CBLB,JAK3,False,True,False,,True,False
AACR-H0000118-M01,AACR-H0000339-M01,143,SRSF2,JAK3,True,True,True,True,True,True
AACR-H0000251-M01,AACR-H0000198-M01,142,CUX1,RUNX1,True,False,False,True,,False
AACR-H0000316-M01,AACR-H0000145-M01,142,SF3B1,GATA2,True,True,True,True,True,True
AACR-H0000342-M01,AACR-H0000118-M01,142,CSF3R,SRSF2,False,True,False,,True,False
AACR-H0000251-M01,AACR-H0000203-M01,142,CUX1,SETBP1,True,False,False,True,,False
AACR-H0000185-M01,AACR-H0000342-M01,142,CSF3R,CSF3R,True,False,False,True,,False
AACR-H0000215-M01,AACR-H0000250-M01,141,NOTCH1,PTEN,False,False,False,True,,False
AACR-H0000258-M01,AACR-H0000203-M01,141,CUX1,SETBP1,True,False,False,True,,False
AACR-H0000345-M01,AACR-H0000118-M01,141,PDGFRA,SRSF2,False,True,False,,True,False
AACR-H0000342-M01,AACR-H0000128-M01,141,CSF3R,CBLB,False,False,False,,,False
AACR-H0000342-M01,AACR-H0000123-M01,141,CSF3R,SMC3,False,True,False,,True,False
AACR-H0000342-M01,AACR-H0000124-M01,141,CSF3R,CBLB,False,False,False,,,False
AACR-H0000342-M01,AACR-H0000122-M01,141,CSF3R,PDGFRA,False,True,False,,True,False
AACR-H0000142-M01,AACR-H0000325-M01,140,CUX1,CBL,False,False,False,,,False
AACR-H0000124-M01,AACR-H0000345-M01,140,CBLB,PDGFRA,False,False,False,,,False
AACR-H0000145-M01,AACR-H0000325-M01,140,GATA2,CBL,True,False,False,True,,False
AACR-H0000345-M01,AACR-H0000122-M01,140,PDGFRA,PDGFRA,False,True,False,,True,False
AACR-H0000137-M01,AACR-H0000336-M01,140,SRSF2,JAK3,True,True,True,True,True,True
AACR-H0000238-M01,AACR-H0000215-M01,140,NPM1,NOTCH1,False,False,False,,True,False
AACR-H0000137-M01,AACR-H0000339-M01,140,SRSF2,JAK3,True,True,True,True,True,True
AACR-H0000345-M01,AACR-H0000123-M01,140,PDGFRA,SMC3,False,True,False,,True,False
AACR-H0000136-M01,AACR-H0000336-M01,140,FLT3,JAK3,True,True,True,True,True,True
AACR-H0000128-M01,AACR-H0000345-M01,140,CBLB,PDGFRA,False,False,False,,,False
AACR-H0000136-M01,AACR-H0000339-M01,139,FLT3,JAK3,True,True,True,True,True,True
AACR-H0000342-M01,AACR-H0000132-M01,139,CSF3R,RUNX1,False,False,False,,,False
AACR-H0000345-M01,AACR-H0000136-M01,139,PDGFRA,FLT3,False,True,False,,True,False
AACR-H0000250-M01,AACR-H0000198-M01,139,PTEN,RUNX1,False,False,False,,,False
AACR-H0000345-M01,AACR-H0000132-M01,138,PDGFRA,RUNX1,False,False,False,,,False
AACR-H0000122-M01,AACR-H0000354-M01,138,PDGFRA,RAD21,True,True,True,True,True,True
AACR-H0000342-M01,AACR-H0000137-M01,138,CSF3R,SRSF2,False,True,False,,True,False
AACR-H0000342-M01,AACR-H0000133-M01,138,CSF3R,CUX1,False,True,False,,True,False
AACR-H0000336-M01,AACR-H0000132-M01,138,JAK3,RUNX1,True,False,False,True,,False
AACR-H0000354-M01,AACR-H0000123-M01,138,RAD21,SMC3,True,True,True,True,True,True
AACR-H0000128-M01,AACR-H0000354-M01,138,CBLB,RAD21,False,True,False,,True,False
AACR-H0000354-M01,AACR-H0000118-M01,138,RAD21,SRSF2,True,True,True,True,True,True
AACR-H0000124-M01,AACR-H0000354-M01,138,CBLB,RAD21,False,True,False,,True,False
AACR-H0000180-M01,AACR-H0000273-M01,138,NOTCH1,JAK3,False,False,False,,,False
AACR-H0000258-M01,AACR-H0000198-M01,138,CUX1,RUNX1,True,False,False,True,,False
AACR-H0000142-M01,AACR-H0000336-M01,137,CUX1,JAK3,False,True,False,,True,False
AACR-H0000133-M01,AACR-H0000336-M01,137,CUX1,JAK3,True,True,True,True,True,True
AACR-H0000339-M01,AACR-H0000132-M01,137,JAK3,RUNX1,True,False,False,True,,False
AACR-H0000359-M01,AACR-H0000118-M01,137,IDH2,SRSF2,True,True,True,True,True,True
AACR-H0000354-M01,AACR-H0000137-M01,137,RAD21,SRSF2,True,True,True,True,True,True
AACR-H0000147-M01,AACR-H0000316-M01,137,NRAS,SF3B1,True,True,True,True,True,True
AACR-H0000345-M01,AACR-H0000137-M01,137,PDGFRA,SRSF2,False,True,False,,True,False
AACR-H0000342-M01,AACR-H0000136-M01,137,CSF3R,FLT3,False,True,False,,True,False
AACR-H0000354-M01,AACR-H0000132-M01,137,RAD21,RUNX1,True,False,False,True,,False
AACR-H0000345-M01,AACR-H0000133-M01,136,PDGFRA,CUX1,False,True,False,,True,False
AACR-H0000250-M01,AACR-H0000226-M01,136,PTEN,ZRSR2,False,False,False,,True,False
AACR-H0000316-M01,AACR-H0000172-M01,136,SF3B1,CBLB,True,True,True,True,True,True
AACR-H0000123-M01,AACR-H0000359-M01,136,SMC3,IDH2,True,True,True,True,True,True
AACR-H0000122-M01,AACR-H0000359-M01,136,PDGFRA,IDH2,True,True,True,True,True,True
AACR-H0000133-M01,AACR-H0000339-M01,136,CUX1,JAK3,True,True,True,True,True,True
AACR-H0000124-M01,AACR-H0000359-M01,136,CBLB,IDH2,False,True,False,,True,False
AACR-H0000142-M01,AACR-H0000339-M01,136,CUX1,JAK3,False,True,False,,True,False
AACR-H0000203-M01,AACR-H0000273-M01,135,SETBP1,JAK3,False,False,False,,,False
AACR-H0000342-M01,AACR-H0000142-M01,135,CSF3R,CUX1,False,False,False,,,False
AACR-H0000251-M01,AACR-H0000215-M01,135,CUX1,NOTCH1,True,False,False,True,True,True
AACR-H0000133-M01,AACR-H0000354-M01,135,CUX1,RAD21,True,True,True,True,True,True
AACR-H0000147-M01,AACR-H0000336-M01,135,NRAS,JAK3,True,True,True,True,True,True
AACR-H0000122-M01,AACR-H0000368-M01,134,PDGFRA,KIT,True,True,True,True,True,True
AACR-H0000238-M01,AACR-H0000226-M01,134,NPM1,ZRSR2,False,False,False,,True,False
AACR-H0000145-M01,AACR-H0000336-M01,134,GATA2,JAK3,True,True,True,True,True,True
AACR-H0000342-M01,AACR-H0000145-M01,134,CSF3R,GATA2,False,True,False,,True,False
AACR-H0000368-M01,AACR-H0000118-M01,134,KIT,SRSF2,True,True,True,True,True,True
AACR-H0000124-M01,AACR-H0000368-M01,134,CBLB,KIT,False,True,False,,True,False
AACR-H0000368-M01,AACR-H0000123-M01,134,KIT,SMC3,True,True,True,True,True,True
AACR-H0000147-M01,AACR-H0000339-M01,134,NRAS,JAK3,True,True,True,True,True,True
AACR-H0000147-M01,AACR-H0000325-M01,134,NRAS,CBL,True,False,False,True,,False
AACR-H0000145-M01,AACR-H0000339-M01,133,GATA2,JAK3,True,True,True,True,True,True
AACR-H0000145-M01,AACR-H0000345-M01,133,GATA2,PDGFRA,True,False,False,True,,False
AACR-H0000128-M01,AACR-H0000359-M01,133,CBLB,IDH2,False,True,False,,True,False
AACR-H0000258-M01,AACR-H0000215-M01,133,CUX1,NOTCH1,True,False,False,True,True,True
AACR-H0000316-M01,AACR-H0000158-M01,133,SF3B1,NOTCH1,True,True,True,True,True,True
AACR-H0000354-M01,AACR-H0000136-M01,133,RAD21,FLT3,True,True,True,True,True,True
AACR-H0000158-M01,AACR-H0000325-M01,132,NOTCH1,CBL,True,False,False,True,,False
AACR-H0000128-M01,AACR-H0000368-M01,132,CBLB,KIT,False,True,False,,True,False
AACR-H0000342-M01,AACR-H0000147-M01,132,CSF3R,NRAS,False,True,False,,True,False
AACR-H0000368-M01,AACR-H0000142-M01,131,KIT,CUX1,True,False,False,True,,False
AACR-H0000002-M01,AACR-H0000004-M01,131,KRAS,PIK3CA,True,True,True,True,True,True
AACR-H0000251-M01,AACR-H0000226-M01,131,CUX1,ZRSR2,True,False,False,True,True,True
AACR-H0000316-M01,AACR-H0000166-M01,131,SF3B1,NOTCH1,True,True,True,True,True,True
AACR-H0000133-M01,AACR-H0000359-M01,131,CUX1,IDH2,True,True,True,True,True,True
AACR-H0000316-M01,AACR-H0000168-M01,131,SF3B1,NOTCH1,True,True,True,True,True,True
AACR-H0000359-M01,AACR-H0000132-M01,131,IDH2,RUNX1,True,False,False,True,,False
AACR-H0000136-M01,AACR-H0000359-M01,130,FLT3,IDH2,True,True,True,True,True,True
AACR-H0000380-M01,AACR-H0000385-M01,130,SMC3,SMC3,True,False,False,True,True,True
AACR-H0000273-M01,AACR-H0000198-M01,130,JAK3,RUNX1,False,False,False,,,False
AACR-H0000142-M01,AACR-H0000359-M01,130,CUX1,IDH2,False,True,False,,True,False
AACR-H0000345-M01,AACR-H0000142-M01,130,PDGFRA,CUX1,False,False,False,,,False
AACR-H0000368-M01,AACR-H0000133-M01,129,KIT,CUX1,True,True,True,True,True,True
AACR-H0000124-M01,AACR-H0000393-M01,129,CBLB,JAK2,False,False,False,,,False
AACR-H0000393-M01,AACR-H0000118-M01,129,JAK2,SRSF2,False,True,False,,True,False
AACR-H0000128-M01,AACR-H0000393-M01,129,CBLB,JAK2,False,False,False,,,False
AACR-H0000133-M01,AACR-H0000393-M01,129,CUX1,JAK2,True,False,False,True,,False
AACR-H0000122-M01,AACR-H0000393-M01,129,PDGFRA,JAK2,True,False,False,True,,False
AACR-H0000393-M01,AACR-H0000123-M01,129,JAK2,SMC3,False,True,False,,True,False
AACR-H0000258-M01,AACR-H0000226-M01,128,CUX1,ZRSR2,True,False,False,True,True,True
AACR-H0000142-M01,AACR-H0000354-M01,128,CUX1,RAD21,False,True,False,,True,False
AACR-H0000172-M01,AACR-H0000325-M01,128,CBLB,CBL,True,False,False,True,,False
AACR-H0000368-M01,AACR-H0000132-M01,128,KIT,RUNX1,True,False,False,True,,False
AACR-H0000001-M01,AACR-H0000010-M01,128,KRAS,TP53,True,True,True,True,True,True
AACR-H0000215-M01,AACR-H0000273-M01,128,NOTCH1,JAK3,False,False,False,True,,False
AACR-H0000393-M01,AACR-H0000132-M01,128,JAK2,RUNX1,False,False,False,,,False
AACR-H0000158-M01,AACR-H0000359-M01,127,NOTCH1,IDH2,True,True,True,True,True,True
AACR-H0000053-M01,AACR-H0000015-M01,127,EGFR,EGFR,True,True,True,True,True,True
AACR-H0000238-M01,AACR-H0000251-M01,127,NPM1,CUX1,False,True,False,,True,False
AACR-H0000359-M01,AACR-H0000137-M01,127,IDH2,SRSF2,True,True,True,True,True,True
AACR-H0000145-M01,AACR-H0000354-M01,127,GATA2,RAD21,True,True,True,True,True,True
AACR-H0000393-M01,AACR-H0000136-M01,126,JAK2,FLT3,False,True,False,,True,False
AACR-H0000172-M01,AACR-H0000336-M01,126,CBLB,JAK3,True,True,True,True,True,True
AACR-H0000368-M01,AACR-H0000136-M01,126,KIT,FLT3,True,True,True,True,True,True
AACR-H0000147-M01,AACR-H0000368-M01,126,NRAS,KIT,True,True,True,True,True,True
AACR-H0000185-M01,AACR-H0000325-M01,125,CSF3R,CBL,True,False,False,True,,False
AACR-H0000166-M01,AACR-H0000336-M01,125,NOTCH1,JAK3,True,True,True,True,True,True
AACR-H0000368-M01,AACR-H0000137-M01,125,KIT,SRSF2,True,True,True,True,True,True
AACR-H0000168-M01,AACR-H0000336-M01,125,NOTCH1,JAK3,True,True,True,True,True,True
AACR-H0000172-M01,AACR-H0000339-M01,125,CBLB,JAK3,True,True,True,True,True,True
AACR-H0000147-M01,AACR-H0000359-M01,125,NRAS,IDH2,True,True,True,True,True,True
AACR-H0000166-M01,AACR-H0000325-M01,124,NOTCH1,CBL,True,False,False,True,,False
AACR-H0000147-M01,AACR-H0000345-M01,124,NRAS,PDGFRA,True,False,False,True,,False
AACR-H0000166-M01,AACR-H0000339-M01,124,NOTCH1,JAK3,True,True,True,True,True,True
AACR-H0000166-M01,AACR-H0000359-M01,124,NOTCH1,IDH2,True,True,True,True,True,True
AACR-H0000316-M01,AACR-H0000178-M01,124,SF3B1,NOTCH1,True,False,False,True,,False
AACR-H0000168-M01,AACR-H0000359-M01,124,NOTCH1,IDH2,True,True,True,True,True,True
AACR-H0000168-M01,AACR-H0000325-M01,124,NOTCH1,CBL,True,False,False,True,,False
AACR-H0000145-M01,AACR-H0000368-M01,124,GATA2,KIT,True,True,True,True,True,True
AACR-H0000168-M01,AACR-H0000339-M01,124,NOTCH1,JAK3,True,True,True,True,True,True
AACR-H0000145-M01,AACR-H0000359-M01,124,GATA2,IDH2,True,True,True,True,True,True
AACR-H0000158-M01,AACR-H0000336-M01,123,NOTCH1,JAK3,True,True,True,True,True,True
AACR-H0000316-M01,AACR-H0000180-M01,123,SF3B1,NOTCH1,True,False,False,True,,False
AACR-H0000316-M01,AACR-H0000203-M01,123,SF3B1,SETBP1,True,False,False,True,,False
AACR-H0000147-M01,AACR-H0000354-M01,123,NRAS,RAD21,True,True,True,True,True,True
AACR-H0000158-M01,AACR-H0000339-M01,122,NOTCH1,JAK3,True,True,True,True,True,True
AACR-H0000393-M01,AACR-H0000137-M01,122,JAK2,SRSF2,False,True,False,,True,False
AACR-H0000180-M01,AACR-H0000325-M01,122,NOTCH1,CBL,False,False,False,,,False
AACR-H0000142-M01,AACR-H0000393-M01,122,CUX1,JAK2,False,False,False,,,False
AACR-H0000354-M01,AACR-H0000158-M01,122,RAD21,NOTCH1,True,True,True,True,True,True
AACR-H0000238-M01,AACR-H0000258-M01,122,NPM1,CUX1,False,True,False,,True,False
AACR-H0000238-M01,AACR-H0000250-M01,122,NPM1,PTEN,False,False,False,,,False
AACR-H0000178-M01,AACR-H0000359-M01,121,NOTCH1,IDH2,False,True,False,,True,False
AACR-H0000342-M01,AACR-H0000158-M01,121,CSF3R,NOTCH1,False,True,False,,True,False
AACR-H0000172-M01,AACR-H0000345-M01,121,CBLB,PDGFRA,True,False,False,True,,False
AACR-H0000354-M01,AACR-H0000166-M01,120,RAD21,NOTCH1,True,True,True,True,True,True
AACR-H0000368-M01,AACR-H0000158-M01,120,KIT,NOTCH1,True,True,True,True,True,True
AACR-H0000185-M01,AACR-H0000336-M01,120,CSF3R,JAK3,True,True,True,True,True,True
AACR-H0000345-M01,AACR-H0000158-M01,120,PDGFRA,NOTCH1,False,True,False,,True,False
AACR-H0000002-M01,AACR-H0000007-M01,120,KRAS,TP53,True,True,True,True,True,True
AACR-H0000354-M01,AACR-H0000168-M01,120,RAD21,NOTCH1,True,True,True,True,True,True
AACR-H0000325-M01,AACR-H0000198-M01,120,CBL,RUNX1,False,False,False,,,False
AACR-H0000178-M01,AACR-H0000325-M01,119,NOTCH1,CBL,False,False,False,,,False
AACR-H0000185-M01,AACR-H0000339-M01,119,CSF3R,JAK3,True,True,True,True,True,True
AACR-H0000443-M01,AACR-H0000418-M01,119,NTRK1,NTRK1,True,True,True,True,True,True
AACR-H0000185-M01,AACR-H0000345-M01,119,CSF3R,PDGFRA,True,False,False,True,,False
AACR-H0000342-M01,AACR-H0000172-M01,119,CSF3R,CBLB,False,True,False,,True,False
AACR-H0000273-M01,AACR-H0000226-M01,119,JAK3,ZRSR2,False,False,False,,True,False
AACR-H0000180-M01,AACR-H0000359-M01,118,NOTCH1,IDH2,False,True,False,,True,False
AACR-H0000345-M01,AACR-H0000166-M01,118,PDGFRA,NOTCH1,False,True,False,,True,False
AACR-H0000354-M01,AACR-H0000180-M01,118,RAD21,NOTCH1,True,False,False,True,,False
AACR-H0000185-M01,AACR-H0000316-M01,118,CSF3R,SF3B1,True,True,True,True,True,True
AACR-H0000147-M01,AACR-H0000393-M01,118,NRAS,JAK2,True,False,False,True,,False
AACR-H0000238-M01,AACR-H0000273-M01,118,NPM1,JAK3,False,False,False,,,False
AACR-H0000345-M01,AACR-H0000168-M01,118,PDGFRA,NOTCH1,False,True,False,,True,False
AACR-H0000251-M01,AACR-H0000250-M01,118,CUX1,PTEN,True,False,False,True,,False
AACR-H0000007-M01,AACR-H0000002-M01,118,TP53,KRAS,True,True,True,True,True,True
AACR-H0000178-M01,AACR-H0000336-M01,117,NOTCH1,JAK3,False,True,False,,True,False
AACR-H0000368-M01,AACR-H0000166-M01,116,KIT,NOTCH1,True,True,True,True,True,True
AACR-H0000033-M01,AACR-H0000001-M01,116,APC,KRAS,True,True,True,True,True,True
AACR-H0000203-M01,AACR-H0000336-M01,116,SETBP1,JAK3,False,True,False,,True,False
AACR-H0000145-M01,AACR-H0000393-M01,116,GATA2,JAK2,True,False,False,True,,False
AACR-H0000368-M01,AACR-H0000168-M01,116,KIT,NOTCH1,True,True,True,True,True,True
AACR-H0000250-M01,AACR-H0000273-M01,116,PTEN,JAK3,False,False,False,,,False
AACR-H0000172-M01,AACR-H0000354-M01,116,CBLB,RAD21,True,True,True,True,True,True
AACR-H0000178-M01,AACR-H0000339-M01,116,NOTCH1,JAK3,False,True,False,,True,False
AACR-H0000034-M01,AACR-H0000001-M01,115,GNAS,KRAS,True,True,True,True,True,True
AACR-H0000203-M01,AACR-H0000339-M01,115,SETBP1,JAK3,False,True,False,,True,False
AACR-H0000258-M01,AACR-H0000250-M01,115,CUX1,PTEN,True,False,False,True,,False
AACR-H0000180-M01,AACR-H0000336-M01,114,NOTCH1,JAK3,False,True,False,,True,False
AACR-H0000368-M01,AACR-H0000178-M01,114,KIT,NOTCH1,True,False,False,True,,False
AACR-H0000185-M01,AACR-H0000359-M01,114,CSF3R,IDH2,True,True,True,True,True,True
AACR-H0000345-M01,AACR-H0000203-M01,114,PDGFRA,SETBP1,False,False,False,,,False
AACR-H0000325-M01,AACR-H0000203-M01,113,CBL,SETBP1,False,False,False,,,False
AACR-H0000342-M01,AACR-H0000168-M01,113,CSF3R,NOTCH1,False,True,False,,True,False
AACR-H0000251-M01,AACR-H0000273-M01,113,CUX1,JAK3,True,False,False,True,,False
AACR-H0000345-M01,AACR-H0000180-M01,113,PDGFRA,NOTCH1,False,False,False,,,False
AACR-H0000393-M01,AACR-H0000158-M01,113,JAK2,NOTCH1,False,True,False,,True,False
AACR-H0000342-M01,AACR-H0000198-M01,113,CSF3R,RUNX1,False,False,False,,,False
AACR-H0000342-M01,AACR-H0000166-M01,113,CSF3R,NOTCH1,False,True,False,,True,False
AACR-H0000172-M01,AACR-H0000368-M01,113,CBLB,KIT,True,True,True,True,True,True
AACR-H0000342-M01,AACR-H0000180-M01,113,CSF3R,NOTCH1,False,False,False,,,False
AACR-H0000180-M01,AACR-H0000339-M01,113,NOTCH1,JAK3,False,True,False,,True,False
AACR-H0000393-M01,AACR-H0000168-M01,112,JAK2,NOTCH1,False,True,False,,True,False
AACR-H0000393-M01,AACR-H0000166-M01,112,JAK2,NOTCH1,False,True,False,,True,False
AACR-H0000002-M01,AACR-H0000017-M01,112,KRAS,TP53,True,True,True,True,True,True
AACR-H0000342-M01,AACR-H0000178-M01,111,CSF3R,NOTCH1,False,False,False,,,False
AACR-H0000342-M01,AACR-H0000203-M01,111,CSF3R,SETBP1,False,False,False,,,False
AACR-H0000354-M01,AACR-H0000178-M01,111,RAD21,NOTCH1,True,False,False,True,,False
AACR-H0000172-M01,AACR-H0000359-M01,111,CBLB,IDH2,True,True,True,True,True,True
AACR-H0000185-M01,AACR-H0000368-M01,111,CSF3R,KIT,True,True,True,True,True,True
AACR-H0000215-M01,AACR-H0000359-M01,111,NOTCH1,IDH2,False,True,False,True,True,True
AACR-H0000345-M01,AACR-H0000178-M01,110,PDGFRA,NOTCH1,False,False,False,,,False
AACR-H0000509-M01,AACR-H0000501-M01,110,BRCA2,BRCA2,False,True,False,,True,False
AACR-H0000511-M01,AACR-H0000508-M01,110,BRCA2,BRCA2,True,False,False,True,,False
AACR-H0000508-M01,AACR-H0000501-M01,110,BRCA2,BRCA2,False,True,False,,True,False
AACR-H0000511-M01,AACR-H0000509-M01,110,BRCA2,BRCA2,True,False,False,True,,False
AACR-H0000509-M01,AACR-H0000508-M01,110,BRCA2,BRCA2,False,False,False,,,False
AACR-H0000511-M01,AACR-H0000501-M01,110,BRCA2,BRCA2,True,True,True,True,True,True
AACR-H0000316-M01,AACR-H0000226-M01,109,SF3B1,ZRSR2,True,False,False,True,True,True
AACR-H0000316-M01,AACR-H0000198-M01,109,SF3B1,RUNX1,True,False,False,True,,False
AACR-H0000472-M01,AACR-H0000475-M01,109,EP400,EP400,True,False,False,True,,False
AACR-H0000172-M01,AACR-H0000393-M01,109,CBLB,JAK2,True,False,False,True,,False
AACR-H0000258-M01,AACR-H0000273-M01,108,CUX1,JAK3,True,False,False,True,,False
AACR-H0000368-M01,AACR-H0000180-M01,108,KIT,NOTCH1,True,False,False,True,,False
AACR-H0000354-M01,AACR-H0000203-M01,108,RAD21,SETBP1,True,False,False,True,,False
AACR-H0000215-M01,AACR-H0000336-M01,108,NOTCH1,JAK3,False,True,False,True,True,True
AACR-H0000215-M01,AACR-H0000339-M01,107,NOTCH1,JAK3,False,True,False,True,True,True
AACR-H0000316-M01,AACR-H0000215-M01,107,SF3B1,NOTCH1,True,False,False,True,True,True
AACR-H0000368-M01,AACR-H0000203-M01,107,KIT,SETBP1,True,False,False,True,,False
AACR-H0000123-M01,AACR-H0000537-M01,106,SMC3,SETBP1,True,False,False,True,,False
AACR-H0000553-M01,AACR-H0000542-M01,106,TPR,TPR,True,True,True,True,True,True
AACR-H0000393-M01,AACR-H0000178-M01,106,JAK2,NOTCH1,False,False,False,,,False
AACR-H0000118-M01,AACR-H0000537-M01,106,SRSF2,SETBP1,True,False,False,True,,False
AACR-H0000122-M01,AACR-H0000537-M01,106,PDGFRA,SETBP1,True,False,False,True,,False
AACR-H0000325-M01,AACR-H0000226-M01,106,CBL,ZRSR2,False,False,False,,True,False
AACR-H0000124-M01,AACR-H0000537-M01,106,CBLB,SETBP1,False,False,False,,,False
AACR-H0000336-M01,AACR-H0000198-M01,105,JAK3,RUNX1,True,False,False,True,,False
AACR-H0000359-M01,AACR-H0000203-M01,105,IDH2,SETBP1,True,False,False,True,,False
AACR-H0000342-M01,AACR-H0000226-M01,105,CSF3R,ZRSR2,False,False,False,,True,False
AACR-H0000368-M01,AACR-H0000198-M01,105,KIT,RUNX1,True,False,False,True,,False
AACR-H0000537-M01,AACR-H0000132-M01,105,SETBP1,RUNX1,False,False,False,,,False
AACR-H0000137-M01,AACR-H0000537-M01,104,SRSF2,SETBP1,True,False,False,True,,False
AACR-H0000393-M01,AACR-H0000198-M01,104,JAK2,RUNX1,False,False,False,,,False
AACR-H0000345-M01,AACR-H0000198-M01,104,PDGFRA,RUNX1,False,False,False,,,False
AACR-H0000339-M01,AACR-H0000198-M01,104,JAK3,RUNX1,True,False,False,True,,False
AACR-H0000185-M01,AACR-H0000354-M01,104,CSF3R,RAD21,True,True,True,True,True,True
AACR-H0000128-M01,AACR-H0000537-M01,104,CBLB,SETBP1,False,False,False,,,False
AACR-H0000393-M01,AACR-H0000180-M01,104,JAK2,NOTCH1,False,False,False,,,False
AACR-H0000124-M01,AACR-H0000573-M01,103,CBLB,KRAS,False,False,False,,,False
AACR-H0000215-M01,AACR-H0000325-M01,103,NOTCH1,CBL,False,False,False,True,,False
AACR-H0000368-M01,AACR-H0000226-M01,103,KIT,ZRSR2,True,False,False,True,True,True
AACR-H0000128-M01,AACR-H0000573-M01,103,CBLB,KRAS,False,False,False,,,False
AACR-H0000565-M01,AACR-H0000574-M01,103,NSD1,NSD1,False,False,False,,,False
AACR-H0000569-M01,AACR-H0000566-M01,103,MTRR,MTRR,False,True,False,True,True,True
AACR-H0000001-M01,AACR-H0000017-M01,103,KRAS,TP53,True,True,True,True,True,True
AACR-H0000122-M01,AACR-H0000573-M01,103,PDGFRA,KRAS,True,False,False,True,,False
AACR-H0000359-M01,AACR-H0000198-M01,103,IDH2,RUNX1,True,False,False,True,,False
AACR-H0000123-M01,AACR-H0000573-M01,103,SMC3,KRAS,True,False,False,True,,False
AACR-H0000573-M01,AACR-H0000118-M01,103,KRAS,SRSF2,False,True,False,,True,False
AACR-H0000354-M01,AACR-H0000198-M01,102,RAD21,RUNX1,True,False,False,True,,False
AACR-H0000579-M01,AACR-H0000118-M01,102,PDGFRA,SRSF2,False,True,False,,True,False
AACR-H0000566-M01,AACR-H0000577-M01,102,MTRR,MTRR,True,True,True,True,True,True
AACR-H0000573-M01,AACR-H0000137-M01,102,KRAS,SRSF2,False,True,False,,True,False
AACR-H0000354-M01,AACR-H0000215-M01,102,RAD21,NOTCH1,True,False,False,True,True,True
AACR-H0000532-M01,AACR-H0000249-M01,102,ERBB4,RET,False,False,False,,,False
AACR-H0000136-M01,AACR-H0000537-M01,102,FLT3,SETBP1,True,False,False,True,,False
AACR-H0000122-M01,AACR-H0000579-M01,101,PDGFRA,PDGFRA,True,False,False,True,,False
AACR-H0000124-M01,AACR-H0000586-M01,101,CBLB,GATA2,False,True,False,,True,False
AACR-H0000185-M01,AACR-H0000393-M01,101,CSF3R,JAK2,True,False,False,True,,False
AACR-H0000579-M01,AACR-H0000123-M01,101,PDGFRA,SMC3,False,True,False,,True,False
AACR-H0000124-M01,AACR-H0000579-M01,101,CBLB,PDGFRA,False,False,False,,,False
AACR-H0000586-M01,AACR-H0000118-M01,101,GATA2,SRSF2,True,True,True,True,True,True
AACR-H0000001-M01,AACR-H0000008-M01,101,KRAS,PIK3CA,True,True,True,True,True,True
AACR-H0000569-M01,AACR-H0000577-M01,101,MTRR,MTRR,False,True,False,True,True,True
AACR-H0000586-M01,AACR-H0000122-M01,101,GATA2,PDGFRA,True,True,True,True,True,True
AACR-H0000001-M01,AACR-H0000046-M01,101,KRAS,SMAD4,True,False,False,True,,False
AACR-H0000133-M01,AACR-H0000537-M01,101,CUX1,SETBP1,True,False,False,True,,False
AACR-H0000345-M01,AACR-H0000226-M01,101,PDGFRA,ZRSR2,False,False,False,,True,False
AACR-H0000133-M01,AACR-H0000573-M01,101,CUX1,KRAS,True,False,False,True,,False
AACR-H0000586-M01,AACR-H0000123-M01,101,GATA2,SMC3,True,True,True,True,True,True
AACR-H0000586-M01,AACR-H0000145-M01,101,GATA2,GATA2,True,True,True,True,True,True
AACR-H0000600-M01,AACR-H0000136-M01,100,NPM1,FLT3,True,True,True,True,True,True
AACR-H0000128-M01,AACR-H0000586-M01,100,CBLB,GATA2,False,True,False,,True,False
AACR-H0000128-M01,AACR-H0000579-M01,100,CBLB,PDGFRA,False,False,False,,,False
AACR-H0000579-M01,AACR-H0000132-M01,100,PDGFRA,RUNX1,False,False,False,,,False
AACR-H0000354-M01,AACR-H0000226-M01,100,RAD21,ZRSR2,True,False,False,True,True,True
AACR-H0000124-M01,AACR-H0000600-M01,100,CBLB,NPM1,False,True,False,,True,False
AACR-H0000600-M01,AACR-H0000133-M01,100,NPM1,CUX1,True,True,True,True,True,True
AACR-H0000600-M01,AACR-H0000118-M01,100,NPM1,SRSF2,True,True,True,True,True,True
AACR-H0000122-M01,AACR-H0000600-M01,100,PDGFRA,NPM1,True,True,True,True,True,True
AACR-H0000368-M01,AACR-H0000215-M01,100,KIT,NOTCH1,True,False,False,True,True,True
AACR-H0000336-M01,AACR-H0000226-M01,100,JAK3,ZRSR2,True,False,False,True,True,True
AACR-H0000600-M01,AACR-H0000123-M01,100,NPM1,SMC3,True,True,True,True,True,True
AACR-H0000001-M01,AACR-H0000014-M01,99,KRAS,TP53,True,True,True,True,True,True
AACR-H0000128-M01,AACR-H0000600-M01,99,CBLB,NPM1,False,True,False,,True,False
AACR-H0000614-M01,AACR-H0000123-M01,99,GATA2,SMC3,True,True,True,True,True,True
AACR-H0000614-M01,AACR-H0000118-M01,99,GATA2,SRSF2,True,True,True,True,True,True
AACR-H0000614-M01,AACR-H0000122-M01,99,GATA2,PDGFRA,True,True,True,True,True,True
AACR-H0000147-M01,AACR-H0000579-M01,99,NRAS,PDGFRA,True,False,False,True,,False
AACR-H0000339-M01,AACR-H0000226-M01,99,JAK3,ZRSR2,True,False,False,True,True,True
AACR-H0000600-M01,AACR-H0000132-M01,99,NPM1,RUNX1,True,False,False,True,,False
AACR-H0000608-M01,AACR-H0000613-M01,99,NCOR2,NCOR2,True,True,True,True,True,True
AACR-H0000124-M01,AACR-H0000614-M01,99,CBLB,GATA2,False,True,False,,True,False
AACR-H0000142-M01,AACR-H0000537-M01,98,CUX1,SETBP1,False,False,False,,,False
AACR-H0000614-M01,AACR-H0000133-M01,98,GATA2,CUX1,True,True,True,True,True,True
AACR-H0000586-M01,AACR-H0000133-M01,98,GATA2,CUX1,True,True,True,True,True,True
AACR-H0000586-M01,AACR-H0000132-M01,98,GATA2,RUNX1,True,False,False,True,,False
AACR-H0000586-M01,AACR-H0000136-M01,98,GATA2,FLT3,True,True,True,True,True,True
AACR-H0000579-M01,AACR-H0000133-M01,97,PDGFRA,CUX1,False,True,False,,True,False
AACR-H0000250-M01,AACR-H0000336-M01,97,PTEN,JAK3,False,True,False,,True,False
AACR-H0000393-M01,AACR-H0000203-M01,97,JAK2,SETBP1,False,False,False,,,False
AACR-H0000586-M01,AACR-H0000137-M01,97,GATA2,SRSF2,True,True,True,True,True,True
AACR-H0000614-M01,AACR-H0000137-M01,97,GATA2,SRSF2,True,True,True,True,True,True
AACR-H0000128-M01,AACR-H0000614-M01,97,CBLB,GATA2,False,True,False,,True,False
AACR-H0000573-M01,AACR-H0000132-M01,97,KRAS,RUNX1,False,False,False,,,False
AACR-H0000147-M01,AACR-H0000537-M01,97,NRAS,SETBP1,True,False,False,True,,False
AACR-H0000142-M01,AACR-H0000573-M01,97,CUX1,KRAS,False,False,False,,,False
AACR-H0000573-M01,AACR-H0000136-M01,97,KRAS,FLT3,False,True,False,,True,False
AACR-H0000630-M01,AACR-H0000636-M01,96,CDH2,CDH2,True,True,True,True,True,True
AACR-H0000342-M01,AACR-H0000238-M01,96,CSF3R,NPM1,False,False,False,,,False
AACR-H0000250-M01,AACR-H0000339-M01,96,PTEN,JAK3,False,True,False,,True,False
AACR-H0000359-M01,AACR-H0000226-M01,96,IDH2,ZRSR2,True,False,False,True,True,True
AACR-H0000614-M01,AACR-H0000136-M01,96,GATA2,FLT3,True,True,True,True,True,True
AACR-H0000600-M01,AACR-H0000137-M01,96,NPM1,SRSF2,True,True,True,True,True,True
AACR-H0000640-M01,AACR-H0000118-M01,96,WT1,SRSF2,False,True,False,,True,False
AACR-H0000579-M01,AACR-H0000137-M01,96,PDGFRA,SRSF2,False,True,False,,True,False
AACR-H0000600-M01,AACR-H0000142-M01,95,NPM1,CUX1,True,False,False,True,,False
AACR-H0000579-M01,AACR-H0000166-M01,95,PDGFRA,NOTCH1,False,True,False,,True,False
AACR-H0000640-M01,AACR-H0000643-M01,95,WT1,WT1,False,True,False,,True,False
AACR-H0000123-M01,AACR-H0000640-M01,95,SMC3,WT1,True,False,False,True,,False
AACR-H0000145-M01,AACR-H0000579-M01,95,GATA2,PDGFRA,True,False,False,True,,False
AACR-H0000316-M01,AACR-H0000258-M01,95,SF3B1,CUX1,True,True,True,True,True,True
AACR-H0000614-M01,AACR-H0000132-M01,95,GATA2,RUNX1,True,False,False,True,,False
AACR-H0000124-M01,AACR-H0000640-M01,95,CBLB,WT1,False,False,False,,,False
AACR-H0000579-M01,AACR-H0000136-M01,95,PDGFRA,FLT3,False,True,False,,True,False
AACR-H0000158-M01,AACR-H0000537-M01,95,NOTCH1,SETBP1,True,False,False,True,,False
AACR-H0000643-M01,AACR-H0000118-M01,95,WT1,SRSF2,True,True,True,True,True,True
AACR-H0000345-M01,AACR-H0000215-M01,95,PDGFRA,NOTCH1,False,False,False,,True,False
AACR-H0000122-M01,AACR-H0000640-M01,95,PDGFRA,WT1,True,False,False,True,,False
AACR-H0000393-M01,AACR-H0000226-M01,95,JAK2,ZRSR2,False,False,False,,True,False
AACR-H0000145-M01,AACR-H0000537-M01,95,GATA2,SETBP1,True,False,False,True,,False
AACR-H0000316-M01,AACR-H0000238-M01,95,SF3B1,NPM1,True,False,False,True,,False
AACR-H0000316-M01,AACR-H0000251-M01,95,SF3B1,CUX1,True,True,True,True,True,True
AACR-H0000005-M01,AACR-H0000001-M01,95,PIK3CA,KRAS,True,True,True,True,True,True
AACR-H0000579-M01,AACR-H0000168-M01,95,PDGFRA,NOTCH1,False,True,False,,True,False
AACR-H0000586-M01,AACR-H0000142-M01,94,GATA2,CUX1,True,False,False,True,,False
AACR-H0000238-M01,AACR-H0000336-M01,94,NPM1,JAK3,False,True,False,,True,False
AACR-H0000345-M01,AACR-H0000238-M01,94,PDGFRA,NPM1,False,False,False,,,False
AACR-H0000614-M01,AACR-H0000142-M01,94,GATA2,CUX1,True,False,False,True,,False
AACR-H0000128-M01,AACR-H0000640-M01,94,CBLB,WT1,False,False,False,,,False
AACR-H0000614-M01,AACR-H0000145-M01,94,GATA2,GATA2,True,True,True,True,True,True
AACR-H0000342-M01,AACR-H0000215-M01,94,CSF3R,NOTCH1,False,False,False,,True,False
AACR-H0000124-M01,AACR-H0000643-M01,94,CBLB,WT1,False,True,False,,True,False
AACR-H0000123-M01,AACR-H0000643-M01,94,SMC3,WT1,True,True,True,True,True,True
AACR-H0000579-M01,AACR-H0000142-M01,94,PDGFRA,CUX1,False,False,False,,,False
AACR-H0000122-M01,AACR-H0000643-M01,94,PDGFRA,WT1,True,True,True,True,True,True
AACR-H0000238-M01,AACR-H0000339-M01,93,NPM1,JAK3,False,True,False,,True,False
AACR-H0000128-M01,AACR-H0000643-M01,93,CBLB,WT1,False,True,False,,True,False
AACR-H0000251-M01,AACR-H0000325-M01,93,CUX1,CBL,True,False,False,True,,False
AACR-H0000147-M01,AACR-H0000573-M01,93,NRAS,KRAS,True,False,False,True,,False
AACR-H0000640-M01,AACR-H0000136-M01,93,WT1,FLT3,False,True,False,,True,False
AACR-H0000147-M01,AACR-H0000614-M01,93,NRAS,GATA2,True,True,True,True,True,True
AACR-H0000147-M01,AACR-H0000640-M01,93,NRAS,WT1,True,False,False,True,,False
AACR-H0000145-M01,AACR-H0000573-M01,93,GATA2,KRAS,True,False,False,True,,False
AACR-H0000238-M01,AACR-H0000325-M01,93,NPM1,CBL,False,False,False,,,False
AACR-H0000166-M01,AACR-H0000537-M01,93,NOTCH1,SETBP1,True,False,False,True,,False
AACR-H0000168-M01,AACR-H0000537-M01,93,NOTCH1,SETBP1,True,False,False,True,,False
AACR-H0000640-M01,AACR-H0000137-M01,93,WT1,SRSF2,False,True,False,,True,False
AACR-H0000579-M01,AACR-H0000158-M01,93,PDGFRA,NOTCH1,False,True,False,,True,False
AACR-H0000393-M01,AACR-H0000215-M01,92,JAK2,NOTCH1,False,False,False,,True,False
AACR-H0000600-M01,AACR-H0000168-M01,92,NPM1,NOTCH1,True,True,True,True,True,True
AACR-H0000172-M01,AACR-H0000579-M01,92,CBLB,PDGFRA,True,False,False,True,,False
AACR-H0000600-M01,AACR-H0000166-M01,92,NPM1,NOTCH1,True,True,True,True,True,True
AACR-H0000368-M01,AACR-H0000250-M01,92,KIT,PTEN,True,False,False,True,,False
AACR-H0000640-M01,AACR-H0000132-M01,92,WT1,RUNX1,False,False,False,,,False
AACR-H0000643-M01,AACR-H0000137-M01,92,WT1,SRSF2,True,True,True,True,True,True
AACR-H0000368-M01,AACR-H0000238-M01,92,KIT,NPM1,True,False,False,True,,False
AACR-H0000147-M01,AACR-H0000643-M01,92,NRAS,WT1,True,True,True,True,True,True
AACR-H0000250-M01,AACR-H0000325-M01,92,PTEN,CBL,False,False,False,,,False
AACR-H0000643-M01,AACR-H0000136-M01,92,WT1,FLT3,True,True,True,True,True,True
AACR-H0000133-M01,AACR-H0000640-M01,92,CUX1,WT1,True,False,False,True,,False
AACR-H0000158-M01,AACR-H0000573-M01,92,NOTCH1,KRAS,True,False,False,True,,False
AACR-H0000258-M01,AACR-H0000325-M01,92,CUX1,CBL,True,False,False,True,,False
AACR-H0000147-M01,AACR-H0000586-M01,92,NRAS,GATA2,True,True,True,True,True,True
AACR-H0000579-M01,AACR-H0000178-M01,91,PDGFRA,NOTCH1,False,False,False,,,False
AACR-H0000643-M01,AACR-H0000132-M01,91,WT1,RUNX1,True,False,False,True,,False
AACR-H0000250-M01,AACR-H0000359-M01,91,PTEN,IDH2,False,True,False,,True,False
AACR-H0000178-M01,AACR-H0000537-M01,91,NOTCH1,SETBP1,False,False,False,,,False
AACR-H0000166-M01,AACR-H0000573-M01,91,NOTCH1,KRAS,True,False,False,True,,False
AACR-H0000586-M01,AACR-H0000158-M01,91,GATA2,NOTCH1,True,True,True,True,True,True
AACR-H0000133-M01,AACR-H0000643-M01,91,CUX1,WT1,True,True,True,True,True,True
AACR-H0000316-M01,AACR-H0000250-M01,91,SF3B1,PTEN,True,False,False,True,,False
AACR-H0000168-M01,AACR-H0000573-M01,91,NOTCH1,KRAS,True,False,False,True,,False
AACR-H0000708-M01,AACR-H0000703-M01,90,EPHA7,EPHA7,True,True,True,True,True,True
AACR-H0000002-M01,AACR-H0000008-M01,90,KRAS,PIK3CA,True,True,True,True,True,True
AACR-H0000251-M01,AACR-H0000359-M01,90,CUX1,IDH2,True,True,True,True,True,True
AACR-H0000579-M01,AACR-H0000180-M01,90,PDGFRA,NOTCH1,False,False,False,,,False
AACR-H0000145-M01,AACR-H0000600-M01,90,GATA2,NPM1,True,True,True,True,True,True
AACR-H0000147-M01,AACR-H0000600-M01,90,NRAS,NPM1,True,True,True,True,True,True
AACR-H0000180-M01,AACR-H0000537-M01,90,NOTCH1,SETBP1,False,False,False,,,False
AACR-H0000586-M01,AACR-H0000168-M01,89,GATA2,NOTCH1,True,True,True,True,True,True
AACR-H0000614-M01,AACR-H0000158-M01,89,GATA2,NOTCH1,True,True,True,True,True,True
AACR-H0000600-M01,AACR-H0000158-M01,89,NPM1,NOTCH1,True,True,True,True,True,True
AACR-H0000586-M01,AACR-H0000166-M01,89,GATA2,NOTCH1,True,True,True,True,True,True
AACR-H0000172-M01,AACR-H0000537-M01,89,CBLB,SETBP1,True,False,False,True,,False
AACR-H0000251-M01,AACR-H0000339-M01,88,CUX1,JAK3,True,True,True,True,True,True
AACR-H0000145-M01,AACR-H0000640-M01,88,GATA2,WT1,True,False,False,True,,False
AACR-H0000180-M01,AACR-H0000573-M01,88,NOTCH1,KRAS,False,False,False,,,False
AACR-H0000251-M01,AACR-H0000336-M01,88,CUX1,JAK3,True,True,True,True,True,True
AACR-H0000354-M01,AACR-H0000250-M01,87,RAD21,PTEN,True,False,False,True,,False
AACR-H0000345-M01,AACR-H0000251-M01,87,PDGFRA,CUX1,False,True,False,,True,False
AACR-H0000145-M01,AACR-H0000643-M01,87,GATA2,WT1,True,True,True,True,True,True
AACR-H0000013-M01,AACR-H0000001-M01,87,TP53,KRAS,True,True,True,True,True,True
AACR-H0000172-M01,AACR-H0000586-M01,87,CBLB,GATA2,True,True,True,True,True,True
AACR-H0000249-M01,AACR-H0000664-M01,87,RET,STK11,False,True,False,,True,False
AACR-H0000001-M01,AACR-H0000033-M01,86,KRAS,APC,True,True,True,True,True,True
AACR-H0000325-M01,AACR-H0000273-M01,86,CBL,JAK3,False,False,False,,,False
AACR-H0000238-M01,AACR-H0000359-M01,86,NPM1,IDH2,False,True,False,,True,False
AACR-H0000614-M01,AACR-H0000166-M01,86,GATA2,NOTCH1,True,True,True,True,True,True
AACR-H0000614-M01,AACR-H0000168-M01,86,GATA2,NOTCH1,True,True,True,True,True,True
AACR-H0000586-M01,AACR-H0000180-M01,86,GATA2,NOTCH1,True,False,False,True,,False
AACR-H0000158-M01,AACR-H0000640-M01,86,NOTCH1,WT1,True,False,False,True,,False
AACR-H0000258-M01,AACR-H0000336-M01,86,CUX1,JAK3,True,True,True,True,True,True
AACR-H0000258-M01,AACR-H0000339-M01,86,CUX1,JAK3,True,True,True,True,True,True
AACR-H0000514-M01,AACR-H0000727-M01,86,NOTCH4,NOTCH4,False,True,False,,True,False
AACR-H0000001-M01,AACR-H0000029-M01,86,KRAS,TP53,True,True,True,True,True,True
AACR-H0000761-M01,AACR-H0000725-M01,86,DST,DST,False,False,False,,,False
AACR-H0000142-M01,AACR-H0000640-M01,86,CUX1,WT1,False,False,False,,,False
AACR-H0000345-M01,AACR-H0000258-M01,86,PDGFRA,CUX1,False,True,False,,True,False
AACR-H0000185-M01,AACR-H0000586-M01,86,CSF3R,GATA2,True,True,True,True,True,True
AACR-H0000755-M01,AACR-H0000725-M01,86,DST,DST,False,False,False,,,False
AACR-H0000579-M01,AACR-H0000215-M01,86,PDGFRA,NOTCH1,False,False,False,,True,False
AACR-H0000755-M01,AACR-H0000761-M01,86,DST,DST,False,False,False,,,False
AACR-H0000258-M01,AACR-H0000359-M01,85,CUX1,IDH2,True,True,True,True,True,True
AACR-H0000185-M01,AACR-H0000537-M01,85,CSF3R,SETBP1,True,False,False,True,,False
AACR-H0000142-M01,AACR-H0000643-M01,85,CUX1,WT1,False,True,False,,True,False
AACR-H0000238-M01,AACR-H0000354-M01,85,NPM1,RAD21,False,True,False,,True,False
AACR-H0000001-M01,AACR-H0000034-M01,85,KRAS,GNAS,True,True,True,True,True,True
AACR-H0000393-M01,AACR-H0000250-M01,85,JAK2,PTEN,False,False,False,,,False
AACR-H0000600-M01,AACR-H0000180-M01,85,NPM1,NOTCH1,True,False,False,True,,False
AACR-H0000342-M01,AACR-H0000251-M01,85,CSF3R,CUX1,False,True,False,,True,False
AACR-H0000158-M01,AACR-H0000643-M01,85,NOTCH1,WT1,True,True,True,True,True,True
AACR-H0000168-M01,AACR-H0000643-M01,84,NOTCH1,WT1,True,True,True,True,True,True
AACR-H0000784-M01,AACR-H0000783-M01,84,ADAMTS20,ADAMTS20,True,True,True,True,True,True
AACR-H0000368-M01,AACR-H0000251-M01,84,KIT,CUX1,True,True,True,True,True,True
AACR-H0000168-M01,AACR-H0000640-M01,84,NOTCH1,WT1,True,False,False,True,,False
AACR-H0000178-M01,AACR-H0000573-M01,84,NOTCH1,KRAS,False,False,False,,,False
AACR-H0000166-M01,AACR-H0000640-M01,84,NOTCH1,WT1,True,False,False,True,,False
AACR-H0000166-M01,AACR-H0000643-M01,84,NOTCH1,WT1,True,True,True,True,True,True
AACR-H0000185-M01,AACR-H0000614-M01,84,CSF3R,GATA2,True,True,True,True,True,True
AACR-H0000185-M01,AACR-H0000579-M01,84,CSF3R,PDGFRA,True,False,False,True,,False
AACR-H0000586-M01,AACR-H0000178-M01,83,GATA2,NOTCH1,True,False,False,True,,False
AACR-H0000617-M01,AACR-H0000655-M01,83,NTRK2,NTRK2,True,True,True,True,True,True
AACR-H0000786-M01,AACR-H0000783-M01,83,ADAMTS20,ADAMTS20,True,True,True,True,True,True
AACR-H0000786-M01,AACR-H0000784-M01,83,ADAMTS20,ADAMTS20,True,True,True,True,True,True
AACR-H0000807-M01,AACR-H0000779-M01,83,SYNE1,SYNE1,True,True,True,True,True,True
AACR-H0000342-M01,AACR-H0000258-M01,83,CSF3R,CUX1,False,True,False,,True,False
AACR-H0000368-M01,AACR-H0000273-M01,83,KIT,JAK3,True,False,False,True,,False
AACR-H0000579-M01,AACR-H0000198-M01,83,PDGFRA,RUNX1,False,False,False,,,False
AACR-H0000342-M01,AACR-H0000273-M01,83,CSF3R,JAK3,False,False,False,,,False
AACR-H0000782-M01,AACR-H0000653-M01,83,KLHL6,KLHL6,False,True,False,,True,False
AACR-H0000172-M01,AACR-H0000614-M01,83,CBLB,GATA2,True,True,True,True,True,True
AACR-H0000600-M01,AACR-H0000178-M01,83,NPM1,NOTCH1,True,False,False,True,,False
AACR-H0000359-M01,AACR-H0000273-M01,82,IDH2,JAK3,True,False,False,True,,False
AACR-H0000172-M01,AACR-H0000573-M01,82,CBLB,KRAS,True,False,False,True,,False
AACR-H0000251-M01,AACR-H0000393-M01,82,CUX1,JAK2,True,False,False,True,,False
AACR-H0000251-M01,AACR-H0000354-M01,82,CUX1,RAD21,True,True,True,True,True,True
AACR-H0000258-M01,AACR-H0000354-M01,82,CUX1,RAD21,True,True,True,True,True,True
AACR-H0000203-M01,AACR-H0000537-M01,82,SETBP1,SETBP1,False,False,False,,,False
AACR-H0000614-M01,AACR-H0000178-M01,82,GATA2,NOTCH1,True,False,False,True,,False
AACR-H0000614-M01,AACR-H0000180-M01,82,GATA2,NOTCH1,True,False,False,True,,False
AACR-H0000342-M01,AACR-H0000345-M01,82,CSF3R,PDGFRA,False,False,False,,,False
AACR-H0000822-M01,AACR-H0000797-M01,82,NUMA1,NUMA1,True,True,True,True,True,True
AACR-H0000180-M01,AACR-H0000640-M01,82,NOTCH1,WT1,False,False,False,,,False
AACR-H0000345-M01,AACR-H0000250-M01,82,PDGFRA,PTEN,False,False,False,,,False
AACR-H0000172-M01,AACR-H0000600-M01,82,CBLB,NPM1,True,True,True,True,True,True
AACR-H0000345-M01,AACR-H0000273-M01,82,PDGFRA,JAK3,False,False,False,,,False
AACR-H0000786-M01,AACR-H0000834-M01,82,ADAMTS20,ADAMTS20,True,True,True,True,True,True
AACR-H0000249-M01,AACR-H0000714-M01,82,RET,RET,False,True,False,,True,False
AACR-H0000586-M01,AACR-H0000198-M01,82,GATA2,RUNX1,True,False,False,True,,False
AACR-H0000316-M01,AACR-H0000345-M01,81,SF3B1,PDGFRA,True,False,False,True,,False
AACR-H0000238-M01,AACR-H0000393-M01,81,NPM1,JAK2,False,False,False,,,False
AACR-H0000185-M01,AACR-H0000600-M01,81,CSF3R,NPM1,True,True,True,True,True,True
AACR-H0000342-M01,AACR-H0000250-M01,81,CSF3R,PTEN,False,False,False,,,False
AACR-H0000180-M01,AACR-H0000643-M01,81,NOTCH1,WT1,False,True,False,,True,False
AACR-H0000316-M01,AACR-H0000325-M01,81,SF3B1,CBL,True,False,False,True,,False
AACR-H0000784-M01,AACR-H0000834-M01,81,ADAMTS20,ADAMTS20,True,True,True,True,True,True
AACR-H0000640-M01,AACR-H0000203-M01,81,WT1,SETBP1,False,False,False,,,False
AACR-H0000643-M01,AACR-H0000203-M01,81,WT1,SETBP1,True,False,False,True,,False
AACR-H0000783-M01,AACR-H0000834-M01,81,ADAMTS20,ADAMTS20,True,True,True,True,True,True
AACR-H0000013-M01,AACR-H0000002-M01,80,TP53,KRAS,True,True,True,True,True,True
AACR-H0000185-M01,AACR-H0000573-M01,80,CSF3R,KRAS,True,False,False,True,,False
AACR-H0000178-M01,AACR-H0000643-M01,80,NOTCH1,WT1,False,True,False,,True,False
AACR-H0000258-M01,AACR-H0000393-M01,80,CUX1,JAK2,True,False,False,True,,False
AACR-H0000172-M01,AACR-H0000640-M01,80,CBLB,WT1,True,False,False,True,,False
AACR-H0000368-M01,AACR-H0000258-M01,80,KIT,CUX1,True,True,True,True,True,True
AACR-H0000002-M01,AACR-H0000014-M01,80,KRAS,TP53,True,True,True,True,True,True
AACR-H0000614-M01,AACR-H0000203-M01,80,GATA2,SETBP1,True,False,False,True,,False
AACR-H0000573-M01,AACR-H0000198-M01,80,KRAS,RUNX1,False,False,False,,,False
AACR-H0000600-M01,AACR-H0000198-M01,80,NPM1,RUNX1,True,False,False,True,,False
AACR-H0000178-M01,AACR-H0000640-M01,80,NOTCH1,WT1,False,False,False,,,False
AACR-H0000316-M01,AACR-H0000273-M01,79,SF3B1,JAK3,True,False,False,True,,False
AACR-H0000573-M01,AACR-H0000203-M01,79,KRAS,SETBP1,False,False,False,,,False
AACR-H0000537-M01,AACR-H0000198-M01,79,SETBP1,RUNX1,False,False,False,,,False
AACR-H0000772-M01,AACR-H0000249-M01,79,PIK3CA,RET,False,False,False,,,False
AACR-H0000172-M01,AACR-H0000643-M01,79,CBLB,WT1,True,True,True,True,True,True
AACR-H0000002-M01,AACR-H0000010-M01,79,KRAS,TP53,True,True,True,True,True,True
AACR-H0000600-M01,AACR-H0000203-M01,78,NPM1,SETBP1,True,False,False,True,,False
AACR-H0000215-M01,AACR-H0000537-M01,78,NOTCH1,SETBP1,False,False,False,True,,False
AACR-H0000816-M01,AACR-H0000726-M01,78,SYNE1,SYNE1,False,True,False,,True,False
AACR-H0000600-M01,AACR-H0000215-M01,78,NPM1,NOTCH1,True,False,False,True,True,True
AACR-H0000586-M01,AACR-H0000226-M01,78,GATA2,ZRSR2,True,False,False,True,True,True
AACR-H0000185-M01,AACR-H0000640-M01,77,CSF3R,WT1,True,False,False,True,,False
AACR-H0000316-M01,AACR-H0000354-M01,77,SF3B1,RAD21,True,True,True,True,True,True
AACR-H0000354-M01,AACR-H0000273-M01,77,RAD21,JAK3,True,False,False,True,,False
AACR-H0000006-M01,AACR-H0000004-M01,77,KRAS,PIK3CA,True,True,True,True,True,True
AACR-H0000586-M01,AACR-H0000203-M01,76,GATA2,SETBP1,True,False,False,True,,False
AACR-H0000185-M01,AACR-H0000643-M01,76,CSF3R,WT1,True,True,True,True,True,True
AACR-H0000897-M01,AACR-H0000577-M01,76,MTRR,MTRR,True,True,True,True,True,True
AACR-H0000342-M01,AACR-H0000325-M01,76,CSF3R,CBL,False,False,False,,,False
AACR-H0000897-M01,AACR-H0000566-M01,76,MTRR,MTRR,True,True,True,True,True,True
AACR-H0000825-M01,AACR-H0000855-M01,76,FOXL2,FOXL2,False,True,False,,True,False
AACR-H0000215-M01,AACR-H0000573-M01,76,NOTCH1,KRAS,False,False,False,True,,False
AACR-H0000579-M01,AACR-H0000226-M01,76,PDGFRA,ZRSR2,False,False,False,,True,False
AACR-H0000345-M01,AACR-H0000339-M01,75,PDGFRA,JAK3,False,True,False,,True,False
AACR-H0000001-M01,AACR-H0000013-M01,75,KRAS,TP53,True,True,True,True,True,True
AACR-H0000912-M01,AACR-H0000916-M01,75,PALB2,PALB2,True,True,True,True,True,True
AACR-H0000345-M01,AACR-H0000336-M01,75,PDGFRA,JAK3,False,True,False,,True,False
AACR-H0000041-M01,AACR-H0000001-M01,75,APC,KRAS,True,True,True,True,True,True
AACR-H0000897-M01,AACR-H0000569-M01,75,MTRR,MTRR,True,False,False,True,True,True
AACR-H0000920-M01,AACR-H0000118-M01,74,KIT,SRSF2,False,True,False,True,True,True
AACR-H0000122-M01,AACR-H0000920-M01,74,PDGFRA,KIT,True,False,False,True,True,True
AACR-H0000368-M01,AACR-H0000359-M01,74,KIT,IDH2,True,True,True,True,True,True
AACR-H0000001-M01,AACR-H0000011-M01,74,KRAS,TP53,True,True,True,True,True,True
AACR-H0000124-M01,AACR-H0000920-M01,74,CBLB,KIT,False,False,False,,True,False
AACR-H0000920-M01,AACR-H0000368-M01,74,KIT,KIT,False,True,False,True,True,True
AACR-H0000215-M01,AACR-H0000640-M01,74,NOTCH1,WT1,False,False,False,True,,False
AACR-H0000586-M01,AACR-H0000215-M01,74,GATA2,NOTCH1,True,False,False,True,True,True
AACR-H0000579-M01,AACR-H0000203-M01,74,PDGFRA,SETBP1,False,False,False,,,False
AACR-H0000215-M01,AACR-H0000643-M01,74,NOTCH1,WT1,False,True,False,True,True,True
AACR-H0000920-M01,AACR-H0000123-M01,74,KIT,SMC3,False,True,False,True,True,True
AACR-H0000325-M01,AACR-H0000336-M01,73,CBL,JAK3,False,True,False,,True,False
AACR-H0000920-M01,AACR-H0000133-M01,73,KIT,CUX1,False,True,False,True,True,True
AACR-H0000122-M01,AACR-H0000940-M01,73,PDGFRA,KRAS,True,True,True,True,True,True
AACR-H0000123-M01,AACR-H0000940-M01,73,SMC3,KRAS,True,True,True,True,True,True
AACR-H0000325-M01,AACR-H0000339-M01,73,CBL,JAK3,False,True,False,,True,False
AACR-H0000238-M01,AACR-H0000537-M01,73,NPM1,SETBP1,False,False,False,,,False
AACR-H0000920-M01,AACR-H0000142-M01,73,KIT,CUX1,False,False,False,True,,False
AACR-H0000940-M01,AACR-H0000118-M01,73,KRAS,SRSF2,True,True,True,True,True,True
AACR-H0000124-M01,AACR-H0000940-M01,73,CBLB,KRAS,False,True,False,,True,False
AACR-H0000128-M01,AACR-H0000920-M01,73,CBLB,KIT,False,False,False,,True,False
AACR-H0000848-M01,AACR-H0000919-M01,73,LRP1B,LRP1B,False,True,False,,True,False
AACR-H0000002-M01,AACR-H0000034-M01,73,KRAS,GNAS,True,True,True,True,True,True
AACR-H0000052-M01,AACR-H0000059-M01,73,IDH2,SRSF2,True,True,True,True,True,True
AACR-H0000345-M01,AACR-H0000325-M01,73,PDGFRA,CBL,False,False,False,,,False
AACR-H0000643-M01,AACR-H0000198-M01,72,WT1,RUNX1,True,False,False,True,,False
AACR-H0000640-M01,AACR-H0000198-M01,72,WT1,RUNX1,False,False,False,,,False
AACR-H0000614-M01,AACR-H0000198-M01,72,GATA2,RUNX1,True,False,False,True,,False
AACR-H0000345-M01,AACR-H0000354-M01,72,PDGFRA,RAD21,False,True,False,,True,False
AACR-H0000933-M01,AACR-H0000722-M01,72,CDH23,CDH23,True,True,True,True,True,True
AACR-H0000342-M01,AACR-H0000339-M01,72,CSF3R,JAK3,False,True,False,,True,False
AACR-H0000342-M01,AACR-H0000336-M01,72,CSF3R,JAK3,False,True,False,,True,False
AACR-H0000128-M01,AACR-H0000940-M01,72,CBLB,KRAS,False,True,False,,True,False
AACR-H0000316-M01,AACR-H0000339-M01,72,SF3B1,JAK3,True,True,True,True,True,True
AACR-H0000316-M01,AACR-H0000336-M01,72,SF3B1,JAK3,True,True,True,True,True,True
AACR-H0000586-M01,AACR-H0000250-M01,71,GATA2,PTEN,True,False,False,True,,False
AACR-H0000342-M01,AACR-H0000316-M01,71,CSF3R,SF3B1,False,True,False,,True,False
AACR-H0000964-M01,AACR-H0000653-M01,71,KLHL6,KLHL6,False,True,False,,True,False
AACR-H0000586-M01,AACR-H0000251-M01,71,GATA2,CUX1,True,True,True,True,True,True
AACR-H0000614-M01,AACR-H0000215-M01,71,GATA2,NOTCH1,True,False,False,True,True,True
AACR-H0000600-M01,AACR-H0000226-M01,71,NPM1,ZRSR2,True,False,False,True,True,True
AACR-H0000147-M01,AACR-H0000920-M01,71,NRAS,KIT,True,False,False,True,True,True
AACR-H0000133-M01,AACR-H0000940-M01,71,CUX1,KRAS,True,True,True,True,True,True
AACR-H0000004-M01,AACR-H0000001-M01,70,PIK3CA,KRAS,True,True,True,True,True,True
AACR-H0000354-M01,AACR-H0000325-M01,70,RAD21,CBL,True,False,False,True,,False
AACR-H0000005-M01,AACR-H0000002-M01,70,PIK3CA,KRAS,True,True,True,True,True,True
AACR-H0000342-M01,AACR-H0000354-M01,70,CSF3R,RAD21,False,True,False,,True,False
AACR-H0000940-M01,AACR-H0000136-M01,70,KRAS,FLT3,True,True,True,True,True,True
AACR-H0000962-M01,AACR-H0001001-M01,70,KMT2D,KMT2D,True,True,True,True,True,True
AACR-H0000782-M01,AACR-H0000964-M01,70,KLHL6,KLHL6,False,False,False,,,False
AACR-H0000920-M01,AACR-H0000136-M01,70,KIT,FLT3,False,True,False,True,True,True
AACR-H0000316-M01,AACR-H0000393-M01,69,SF3B1,JAK2,True,False,False,True,,False
AACR-H0000147-M01,AACR-H0000940-M01,69,NRAS,KRAS,True,True,True,True,True,True
AACR-H0000033-M01,AACR-H0000002-M01,69,APC,KRAS,True,True,True,True,True,True
AACR-H0000614-M01,AACR-H0000238-M01,69,GATA2,NPM1,True,False,False,True,,False
AACR-H0001001-M01,AACR-H0001005-M01,69,KMT2D,KMT2D,True,False,False,True,,False
AACR-H0000142-M01,AACR-H0000940-M01,69,CUX1,KRAS,False,True,False,,True,False
AACR-H0000579-M01,AACR-H0000250-M01,69,PDGFRA,PTEN,False,False,False,,,False
AACR-H0000962-M01,AACR-H0001005-M01,69,KMT2D,KMT2D,True,False,False,True,,False
AACR-H0000005-M01,AACR-H0000003-M01,69,PIK3CA,BRAF,True,True,True,True,True,True
AACR-H0000145-M01,AACR-H0000920-M01,69,GATA2,KIT,True,False,False,True,True,True
AACR-H0000940-M01,AACR-H0000132-M01,68,KRAS,RUNX1,True,False,False,True,,False
AACR-H0000011-M01,AACR-H0000001-M01,68,TP53,KRAS,True,True,True,True,True,True
AACR-H0000342-M01,AACR-H0000368-M01,68,CSF3R,KIT,False,True,False,,True,False
AACR-H0000354-M01,AACR-H0000336-M01,68,RAD21,JAK3,True,True,True,True,True,True
AACR-H0000354-M01,AACR-H0000339-M01,68,RAD21,JAK3,True,True,True,True,True,True
AACR-H0000001-M01,AACR-H0000025-M01,68,KRAS,TP53,True,True,True,True,True,True
AACR-H0000579-M01,AACR-H0000238-M01,68,PDGFRA,NPM1,False,False,False,,,False
AACR-H0000145-M01,AACR-H0000940-M01,68,GATA2,KRAS,True,True,True,True,True,True
AACR-H0000920-M01,AACR-H0000132-M01,68,KIT,RUNX1,False,False,False,True,,False
AACR-H0000586-M01,AACR-H0000258-M01,68,GATA2,CUX1,True,True,True,True,True,True
AACR-H0000393-M01,AACR-H0000273-M01,68,JAK2,JAK3,False,False,False,,,False
AACR-H0000579-M01,AACR-H0000251-M01,68,PDGFRA,CUX1,False,True,False,,True,False
AACR-H0000920-M01,AACR-H0000158-M01,67,KIT,NOTCH1,False,True,False,True,True,True
AACR-H0000940-M01,AACR-H0000137-M01,67,KRAS,SRSF2,True,True,True,True,True,True
AACR-H0000573-M01,AACR-H0000226-M01,67,KRAS,ZRSR2,False,False,False,,True,False
AACR-H0000172-M01,AACR-H0000940-M01,67,CBLB,KRAS,True,True,True,True,True,True
AACR-H0000537-M01,AACR-H0000226-M01,67,SETBP1,ZRSR2,False,False,False,,True,False
AACR-H0000238-M01,AACR-H0000643-M01,66,NPM1,WT1,False,True,False,,True,False
AACR-H0000238-M01,AACR-H0000640-M01,66,NPM1,WT1,False,False,False,,,False
AACR-H0000001-M01,AACR-H0000051-M01,66,KRAS,GNAS,True,True,True,True,True,True
AACR-H0000920-M01,AACR-H0000168-M01,66,KIT,NOTCH1,False,True,False,True,True,True
AACR-H0000250-M01,AACR-H0000640-M01,66,PTEN,WT1,False,False,False,,,False
AACR-H0000250-M01,AACR-H0000643-M01,66,PTEN,WT1,False,True,False,,True,False
AACR-H0000354-M01,AACR-H0000393-M01,66,RAD21,JAK2,True,False,False,True,,False
AACR-H0000017-M01,AACR-H0000001-M01,66,TP53,KRAS,True,True,True,True,True,True
AACR-H0000920-M01,AACR-H0000166-M01,66,KIT,NOTCH1,False,True,False,True,True,True
AACR-H0000250-M01,AACR-H0000573-M01,66,PTEN,KRAS,False,False,False,,,False
AACR-H0000967-M01,AACR-H0001075-M01,66,CREBBP,CREBBP,True,True,True,True,True,True
AACR-H0000345-M01,AACR-H0000393-M01,66,PDGFRA,JAK2,False,False,False,,,False
AACR-H0000325-M01,AACR-H0000359-M01,66,CBL,IDH2,False,True,False,,True,False
AACR-H0001109-M01,AACR-H0001104-M01,65,TP53,TP53,True,True,True,True,True,True
AACR-H0001102-M01,AACR-H0000118-M01,65,CSF3R,SRSF2,False,True,False,,True,False
AACR-H0001104-M01,AACR-H0000118-M01,65,TP53,SRSF2,True,True,True,True,True,True
AACR-H0001102-M01,AACR-H0000123-M01,65,CSF3R,SMC3,False,True,False,,True,False
AACR-H0000920-M01,AACR-H0000178-M01,65,KIT,NOTCH1,False,False,False,True,,False
AACR-H0001102-M01,AACR-H0000122-M01,65,CSF3R,PDGFRA,False,True,False,,True,False
AACR-H0000920-M01,AACR-H0000137-M01,65,KIT,SRSF2,False,True,False,True,True,True
AACR-H0001109-M01,AACR-H0000118-M01,65,TP53,SRSF2,True,True,True,True,True,True
AACR-H0001102-M01,AACR-H0000124-M01,65,CSF3R,CBLB,False,False,False,,,False
AACR-H0000579-M01,AACR-H0000258-M01,65,PDGFRA,CUX1,False,True,False,,True,False
AACR-H0000033-M01,AACR-H0000012-M01,65,APC,KRAS,True,True,True,True,True,True
AACR-H0000124-M01,AACR-H0001109-M01,65,CBLB,TP53,False,True,False,,True,False
AACR-H0000123-M01,AACR-H0001109-M01,65,SMC3,TP53,True,True,True,True,True,True
AACR-H0000952-M01,AACR-H0001089-M01,65,PBRM1,PBRM1,True,True,True,True,True,True
AACR-H0000359-M01,AACR-H0000336-M01,65,IDH2,JAK3,True,True,True,True,True,True
AACR-H0000128-M01,AACR-H0001109-M01,65,CBLB,TP53,False,True,False,,True,False
AACR-H0001087-M01,AACR-H0000565-M01,65,NSD1,NSD1,True,False,False,True,,False
AACR-H0000128-M01,AACR-H0001104-M01,65,CBLB,TP53,False,True,False,,True,False
AACR-H0001044-M01,AACR-H0001016-M01,65,MYH11,MYH11,True,True,True,True,True,True
AACR-H0000122-M01,AACR-H0001104-M01,65,PDGFRA,TP53,True,True,True,True,True,True
AACR-H0000123-M01,AACR-H0001104-M01,65,SMC3,TP53,True,True,True,True,True,True
AACR-H0000185-M01,AACR-H0000940-M01,65,CSF3R,KRAS,True,True,True,True,True,True
AACR-H0000158-M01,AACR-H0000940-M01,65,NOTCH1,KRAS,True,True,True,True,True,True
AACR-H0000124-M01,AACR-H0001104-M01,65,CBLB,TP53,False,True,False,,True,False
AACR-H0000122-M01,AACR-H0001109-M01,65,PDGFRA,TP53,True,True,True,True,True,True
AACR-H0000586-M01,AACR-H0000238-M01,64,GATA2,NPM1,True,False,False,True,,False
AACR-H0000251-M01,AACR-H0000640-M01,64,CUX1,WT1,True,False,False,True,,False
AACR-H0000959-M01,AACR-H0000933-M01,64,CDH23,CDH23,True,True,True,True,True,True
AACR-H0001109-M01,AACR-H0000132-M01,64,TP53,RUNX1,True,False,False,True,,False
AACR-H0000250-M01,AACR-H0000537-M01,64,PTEN,SETBP1,False,False,False,,,False
AACR-H0000258-M01,AACR-H0000537-M01,64,CUX1,SETBP1,True,False,False,True,,False
AACR-H0001102-M01,AACR-H0000128-M01,64,CSF3R,CBLB,False,False,False,,,False
AACR-H0000251-M01,AACR-H0000537-M01,64,CUX1,SETBP1,True,False,False,True,,False
AACR-H0001087-M01,AACR-H0000574-M01,64,NSD1,NSD1,True,False,False,True,,False
AACR-H0001104-M01,AACR-H0000132-M01,64,TP53,RUNX1,True,False,False,True,,False
AACR-H0000001-M01,AACR-H0000005-M01,64,KRAS,PIK3CA,True,True,True,True,True,True
AACR-H0000359-M01,AACR-H0000339-M01,64,IDH2,JAK3,True,True,True,True,True,True
AACR-H0001120-M01,AACR-H0001137-M01,63,NLRP1,NLRP1,True,False,False,True,True,True
AACR-H0000133-M01,AACR-H0001104-M01,63,CUX1,TP53,True,True,True,True,True,True
AACR-H0000959-M01,AACR-H0000722-M01,63,CDH23,CDH23,True,True,True,True,True,True
AACR-H0000251-M01,AACR-H0000643-M01,63,CUX1,WT1,True,True,True,True,True,True
AACR-H0000004-M01,AACR-H0000002-M01,63,PIK3CA,KRAS,True,True,True,True,True,True
AACR-H0001102-M01,AACR-H0000133-M01,63,CSF3R,CUX1,False,True,False,,True,False
AACR-H0000238-M01,AACR-H0000573-M01,63,NPM1,KRAS,False,False,False,,,False
AACR-H0000251-M01,AACR-H0000573-M01,63,CUX1,KRAS,True,False,False,True,,False
AACR-H0000133-M01,AACR-H0001109-M01,63,CUX1,TP53,True,True,True,True,True,True
AACR-H0000975-M01,AACR-H0000889-M01,63,PTCH1,PTCH1,True,True,True,True,True,True
AACR-H0000008-M01,AACR-H0000001-M01,63,PIK3CA,KRAS,True,True,True,True,True,True
AACR-H0000614-M01,AACR-H0000226-M01,63,GATA2,ZRSR2,True,False,False,True,True,True
AACR-H0000920-M01,AACR-H0000198-M01,62,KIT,RUNX1,False,False,False,True,,False
AACR-H0001104-M01,AACR-H0000137-M01,62,TP53,SRSF2,True,True,True,True,True,True
AACR-H0000034-M01,AACR-H0000002-M01,62,GNAS,KRAS,True,True,True,True,True,True
AACR-H0000172-M01,AACR-H0000920-M01,62,CBLB,KIT,True,False,False,True,True,True
AACR-H0000600-M01,AACR-H0000251-M01,62,NPM1,CUX1,True,True,True,True,True,True
AACR-H0000537-M01,AACR-H0000273-M01,62,SETBP1,JAK3,False,False,False,,,False
AACR-H0000579-M01,AACR-H0000273-M01,62,PDGFRA,JAK3,False,False,False,,,False
AACR-H0001109-M01,AACR-H0000137-M01,62,TP53,SRSF2,True,True,True,True,True,True
AACR-H0000614-M01,AACR-H0000250-M01,62,GATA2,PTEN,True,False,False,True,,False
AACR-H0000142-M01,AACR-H0001109-M01,62,CUX1,TP53,False,True,False,,True,False
AACR-H0000258-M01,AACR-H0000640-M01,62,CUX1,WT1,True,False,False,True,,False
AACR-H0000142-M01,AACR-H0001104-M01,62,CUX1,TP53,False,True,False,,True,False
AACR-H0001216-M01,AACR-H0000118-M01,61,SMC3,SRSF2,True,True,True,True,True,True
AACR-H0000012-M01,AACR-H0000004-M01,61,KRAS,PIK3CA,True,True,True,True,True,True
AACR-H0001217-M01,AACR-H0000123-M01,61,SMC3,SMC3,True,True,True,True,True,True
AACR-H0000614-M01,AACR-H0000251-M01,61,GATA2,CUX1,True,True,True,True,True,True
AACR-H0001217-M01,AACR-H0000118-M01,61,SMC3,SRSF2,True,True,True,True,True,True
AACR-H0000124-M01,AACR-H0001217-M01,61,CBLB,SMC3,False,True,False,,True,False
AACR-H0000185-M01,AACR-H0000920-M01,61,CSF3R,KIT,True,False,False,True,True,True
AACR-H0001215-M01,AACR-H0001093-M01,61,FGFR3,FGFR3,True,True,True,True,True,True
AACR-H0001102-M01,AACR-H0000147-M01,61,CSF3R,NRAS,False,True,False,,True,False
AACR-H0000368-M01,AACR-H0000336-M01,61,KIT,JAK3,True,True,True,True,True,True
AACR-H0000124-M01,AACR-H0001216-M01,61,CBLB,SMC3,False,True,False,,True,False
AACR-H0001216-M01,AACR-H0000123-M01,61,SMC3,SMC3,True,True,True,True,True,True
AACR-H0000124-M01,AACR-H0001204-M01,61,CBLB,SMC3,False,True,False,,True,False
AACR-H0000600-M01,AACR-H0000258-M01,61,NPM1,CUX1,True,True,True,True,True,True
AACR-H0001204-M01,AACR-H0000118-M01,61,SMC3,SRSF2,True,True,True,True,True,True
AACR-H0001204-M01,AACR-H0000123-M01,61,SMC3,SMC3,True,True,True,True,True,True
AACR-H0000122-M01,AACR-H0001204-M01,61,PDGFRA,SMC3,True,True,True,True,True,True
AACR-H0000122-M01,AACR-H0001216-M01,61,PDGFRA,SMC3,True,True,True,True,True,True
AACR-H0001102-M01,AACR-H0000136-M01,61,CSF3R,FLT3,False,True,False,,True,False
AACR-H0000136-M01,AACR-H0001104-M01,61,FLT3,TP53,True,True,True,True,True,True
AACR-H0000258-M01,AACR-H0000573-M01,61,CUX1,KRAS,True,False,False,True,,False
AACR-H0000136-M01,AACR-H0001109-M01,61,FLT3,TP53,True,True,True,True,True,True
AACR-H0000258-M01,AACR-H0000643-M01,61,CUX1,WT1,True,True,True,True,True,True
AACR-H0000178-M01,AACR-H0000940-M01,61,NOTCH1,KRAS,False,True,False,,True,False
AACR-H0000316-M01,AACR-H0000359-M01,61,SF3B1,IDH2,True,True,True,True,True,True
AACR-H0000122-M01,AACR-H0001217-M01,61,PDGFRA,SMC3,True,True,True,True,True,True
AACR-H0000002-M01,AACR-H0000013-M01,61,KRAS,TP53,True,True,True,True,True,True
AACR-H0001217-M01,AACR-H0001216-M01,61,SMC3,SMC3,True,True,True,True,True,True
AACR-H0001204-M01,AACR-H0001216-M01,61,SMC3,SMC3,True,True,True,True,True,True
AACR-H0001204-M01,AACR-H0001217-M01,61,SMC3,SMC3,True,True,True,True,True,True
AACR-H0000147-M01,AACR-H0001104-M01,61,NRAS,TP53,True,True,True,True,True,True
AACR-H0000147-M01,AACR-H0001109-M01,61,NRAS,TP53,True,True,True,True,True,True
AACR-H0000051-M01,AACR-H0000001-M01,61,GNAS,KRAS,True,True,True,True,True,True
AACR-H0001206-M01,AACR-H0001106-M01,61,ZNF217,ZNF217,False,False,False,,,False
AACR-H0000166-M01,AACR-H0000940-M01,60,NOTCH1,KRAS,True,True,True,True,True,True
AACR-H0000368-M01,AACR-H0000339-M01,60,KIT,JAK3,True,True,True,True,True,True
AACR-H0000004-M01,AACR-H0000003-M01,60,PIK3CA,BRAF,True,True,True,True,True,True
AACR-H0001226-M01,AACR-H0000574-M01,60,NSD1,NSD1,False,False,False,,,False
AACR-H0001226-M01,AACR-H0000565-M01,60,NSD1,NSD1,False,False,False,,,False
AACR-H0001226-M01,AACR-H0001087-M01,60,NSD1,NSD1,False,True,False,,True,False
AACR-H0001225-M01,AACR-H0000916-M01,60,PALB2,PALB2,False,True,False,,True,False
AACR-H0000168-M01,AACR-H0000940-M01,60,NOTCH1,KRAS,True,True,True,True,True,True
AACR-H0001102-M01,AACR-H0000158-M01,60,CSF3R,NOTCH1,False,True,False,,True,False
AACR-H0000643-M01,AACR-H0000226-M01,60,WT1,ZRSR2,True,False,False,True,True,True
AACR-H0001102-M01,AACR-H0000142-M01,60,CSF3R,CUX1,False,False,False,,,False
AACR-H0000128-M01,AACR-H0001204-M01,60,CBLB,SMC3,False,True,False,,True,False
AACR-H0001204-M01,AACR-H0000132-M01,60,SMC3,RUNX1,True,False,False,True,,False
AACR-H0001217-M01,AACR-H0000132-M01,60,SMC3,RUNX1,True,False,False,True,,False
AACR-H0000640-M01,AACR-H0000226-M01,60,WT1,ZRSR2,False,False,False,,True,False
AACR-H0001102-M01,AACR-H0000137-M01,60,CSF3R,SRSF2,False,True,False,,True,False
AACR-H0000920-M01,AACR-H0000203-M01,60,KIT,SETBP1,False,False,False,True,,False
AACR-H0000128-M01,AACR-H0001217-M01,60,CBLB,SMC3,False,True,False,,True,False
AACR-H0000920-M01,AACR-H0000215-M01,60,KIT,NOTCH1,False,False,False,True,True,True
AACR-H0000002-M01,AACR-H0000046-M01,60,KRAS,SMAD4,True,False,False,True,,False
AACR-H0001216-M01,AACR-H0000132-M01,60,SMC3,RUNX1,True,False,False,True,,False
AACR-H0000912-M01,AACR-H0001225-M01,60,PALB2,PALB2,True,False,False,True,,False
AACR-H0000614-M01,AACR-H0000258-M01,60,GATA2,CUX1,True,True,True,True,True,True
AACR-H0000128-M01,AACR-H0001216-M01,60,CBLB,SMC3,False,True,False,,True,False
AACR-H0000393-M01,AACR-H0000325-M01,59,JAK2,CBL,False,False,False,,,False
AACR-H0001265-M01,AACR-H0001261-M01,59,ACTG1,ACTG1,False,True,False,,True,False
AACR-H0001265-M01,AACR-H0001269-M01,59,ACTG1,ACTG1,False,True,False,,True,False
AACR-H0001261-M01,AACR-H0001269-M01,59,ACTG1,ACTG1,True,True,True,True,True,True
AACR-H0001275-M01,AACR-H0001264-M01,59,KAT6B,KAT6B,True,False,False,True,,False
AACR-H0001217-M01,AACR-H0000137-M01,59,SMC3,SRSF2,True,True,True,True,True,True
AACR-H0001204-M01,AACR-H0000137-M01,59,SMC3,SRSF2,True,True,True,True,True,True
AACR-H0000342-M01,AACR-H0000393-M01,59,CSF3R,JAK2,False,False,False,,,False
AACR-H0001216-M01,AACR-H0000137-M01,59,SMC3,SRSF2,True,True,True,True,True,True
AACR-H0001102-M01,AACR-H0000132-M01,59,CSF3R,RUNX1,False,False,False,,,False
AACR-H0000586-M01,AACR-H0000273-M01,59,GATA2,JAK3,True,False,False,True,,False
AACR-H0000368-M01,AACR-H0000325-M01,59,KIT,CBL,True,False,False,True,,False
AACR-H0000368-M01,AACR-H0000354-M01,59,KIT,RAD21,True,True,True,True,True,True
AACR-H0000573-M01,AACR-H0000273-M01,59,KRAS,JAK3,False,False,False,,,False
AACR-H0000920-M01,AACR-H0000180-M01,59,KIT,NOTCH1,False,False,False,True,,False
AACR-H0000368-M01,AACR-H0000393-M01,58,KIT,JAK2,True,False,False,True,,False
AACR-H0000147-M01,AACR-H0001216-M01,58,NRAS,SMC3,True,True,True,True,True,True
AACR-H0000147-M01,AACR-H0001217-M01,58,NRAS,SMC3,True,True,True,True,True,True
AACR-H0001102-M01,AACR-H0000178-M01,58,CSF3R,NOTCH1,False,False,False,,,False
AACR-H0000133-M01,AACR-H0001217-M01,58,CUX1,SMC3,True,True,True,True,True,True
AACR-H0000133-M01,AACR-H0001216-M01,58,CUX1,SMC3,True,True,True,True,True,True
AACR-H0001102-M01,AACR-H0000168-M01,58,CSF3R,NOTCH1,False,True,False,,True,False
AACR-H0000133-M01,AACR-H0001204-M01,58,CUX1,SMC3,True,True,True,True,True,True
AACR-H0001102-M01,AACR-H0000166-M01,58,CSF3R,NOTCH1,False,True,False,,True,False
AACR-H0000147-M01,AACR-H0001204-M01,58,NRAS,SMC3,True,True,True,True,True,True
AACR-H0001102-M01,AACR-H0000145-M01,58,CSF3R,GATA2,False,True,False,,True,False
AACR-H0000002-M01,AACR-H0000076-M01,58,KRAS,SMAD4,True,False,False,True,,False
AACR-H0000940-M01,AACR-H0000203-M01,58,KRAS,SETBP1,True,False,False,True,,False
AACR-H0000393-M01,AACR-H0000336-M01,58,JAK2,JAK3,False,True,False,,True,False
AACR-H0000354-M01,AACR-H0000359-M01,58,RAD21,IDH2,True,True,True,True,True,True
AACR-H0001106-M01,AACR-H0001287-M01,58,ZNF217,ZNF217,False,False,False,,,False
AACR-H0001206-M01,AACR-H0001287-M01,58,ZNF217,ZNF217,False,False,False,,,False
AACR-H0000180-M01,AACR-H0000940-M01,58,NOTCH1,KRAS,False,True,False,,True,False
AACR-H0000342-M01,AACR-H0000359-M01,58,CSF3R,IDH2,False,True,False,,True,False
AACR-H0000145-M01,AACR-H0001104-M01,57,GATA2,TP53,True,True,True,True,True,True
AACR-H0000920-M01,AACR-H0000250-M01,57,KIT,PTEN,False,False,False,True,,False
AACR-H0000345-M01,AACR-H0000359-M01,57,PDGFRA,IDH2,False,True,False,,True,False
AACR-H0000600-M01,AACR-H0000354-M01,57,NPM1,RAD21,True,True,True,True,True,True
AACR-H0000316-M01,AACR-H0000368-M01,57,SF3B1,KIT,True,True,True,True,True,True
AACR-H0000643-M01,AACR-H0000273-M01,57,WT1,JAK3,True,False,False,True,,False
AACR-H0000393-M01,AACR-H0000359-M01,57,JAK2,IDH2,False,True,False,,True,False
AACR-H0000393-M01,AACR-H0000339-M01,57,JAK2,JAK3,False,True,False,,True,False
AACR-H0000940-M01,AACR-H0000198-M01,57,KRAS,RUNX1,True,False,False,True,,False
AACR-H0000172-M01,AACR-H0001104-M01,57,CBLB,TP53,True,True,True,True,True,True
AACR-H0000640-M01,AACR-H0000273-M01,57,WT1,JAK3,False,False,False,,,False
AACR-H0000012-M01,AACR-H0000007-M01,57,KRAS,TP53,True,True,True,True,True,True
AACR-H0000172-M01,AACR-H0001109-M01,57,CBLB,TP53,True,True,True,True,True,True
AACR-H0000145-M01,AACR-H0001109-M01,57,GATA2,TP53,True,True,True,True,True,True
AACR-H0000158-M01,AACR-H0001359-M01,56,NOTCH1,NOTCH1,True,True,True,True,True,True
AACR-H0001359-M01,AACR-H0000123-M01,56,NOTCH1,SMC3,True,True,True,True,True,True
AACR-H0001359-M01,AACR-H0000132-M01,56,NOTCH1,RUNX1,True,False,False,True,,False
AACR-H0000008-M01,AACR-H0000004-M01,56,PIK3CA,PIK3CA,True,True,True,True,True,True
AACR-H0000041-M01,AACR-H0000033-M01,56,APC,APC,True,True,True,True,True,True
AACR-H0000158-M01,AACR-H0001109-M01,56,NOTCH1,TP53,True,True,True,True,True,True
AACR-H0001359-M01,AACR-H0000168-M01,56,NOTCH1,NOTCH1,True,True,True,True,True,True
AACR-H0000600-M01,AACR-H0000250-M01,56,NPM1,PTEN,True,False,False,True,,False
AACR-H0000180-M01,AACR-H0001359-M01,56,NOTCH1,NOTCH1,False,True,False,,True,False
AACR-H0000158-M01,AACR-H0001104-M01,56,NOTCH1,TP53,True,True,True,True,True,True
AACR-H0000122-M01,AACR-H0001359-M01,56,PDGFRA,NOTCH1,True,True,True,True,True,True
AACR-H0001359-M01,AACR-H0000166-M01,56,NOTCH1,NOTCH1,True,True,True,True,True,True
AACR-H0001359-M01,AACR-H0000118-M01,56,NOTCH1,SRSF2,True,True,True,True,True,True
AACR-H0000586-M01,AACR-H0000325-M01,56,GATA2,CBL,True,False,False,True,,False
AACR-H0001113-M01,AACR-H0001384-M01,56,GNAS,GNAS,True,True,True,True,True,True
AACR-H0000004-M01,AACR-H0000012-M01,56,PIK3CA,KRAS,True,True,True,True,True,True
AACR-H0000002-M01,AACR-H0000011-M01,56,KRAS,TP53,True,True,True,True,True,True
AACR-H0000238-M01,AACR-H0000940-M01,56,NPM1,KRAS,False,True,False,,True,False
AACR-H0000124-M01,AACR-H0001359-M01,56,CBLB,NOTCH1,False,True,False,,True,False
AACR-H0000145-M01,AACR-H0001204-M01,56,GATA2,SMC3,True,True,True,True,True,True
AACR-H0000145-M01,AACR-H0001217-M01,56,GATA2,SMC3,True,True,True,True,True,True
AACR-H0000145-M01,AACR-H0001216-M01,56,GATA2,SMC3,True,True,True,True,True,True
AACR-H0000158-M01,AACR-H0001204-M01,55,NOTCH1,SMC3,True,True,True,True,True,True
AACR-H0000537-M01,AACR-H0000339-M01,55,SETBP1,JAK3,False,True,False,,True,False
AACR-H0000158-M01,AACR-H0001217-M01,55,NOTCH1,SMC3,True,True,True,True,True,True
AACR-H0000546-M01,AACR-H0001270-M01,55,TET2,TET2,False,True,False,,True,False
AACR-H0000158-M01,AACR-H0001216-M01,55,NOTCH1,SMC3,True,True,True,True,True,True
AACR-H0000546-M01,AACR-H0001421-M01,55,TET2,TET2,False,True,False,,True,False
AACR-H0000142-M01,AACR-H0001359-M01,55,CUX1,NOTCH1,False,True,False,,True,False
AACR-H0000142-M01,AACR-H0001204-M01,55,CUX1,SMC3,False,True,False,,True,False
AACR-H0000142-M01,AACR-H0001216-M01,55,CUX1,SMC3,False,True,False,,True,False
AACR-H0001217-M01,AACR-H0000136-M01,55,SMC3,FLT3,True,True,True,True,True,True
AACR-H0001216-M01,AACR-H0000136-M01,55,SMC3,FLT3,True,True,True,True,True,True
AACR-H0000142-M01,AACR-H0001217-M01,55,CUX1,SMC3,False,True,False,,True,False
AACR-H0000133-M01,AACR-H0001359-M01,55,CUX1,NOTCH1,True,True,True,True,True,True
AACR-H0000325-M01,AACR-H0000573-M01,55,CBL,KRAS,False,False,False,,,False
AACR-H0000537-M01,AACR-H0000336-M01,55,SETBP1,JAK3,False,True,False,,True,False
AACR-H0000128-M01,AACR-H0001359-M01,55,CBLB,NOTCH1,False,True,False,,True,False
AACR-H0000166-M01,AACR-H0001104-M01,55,NOTCH1,TP53,True,True,True,True,True,True
AACR-H0001359-M01,AACR-H0000178-M01,55,NOTCH1,NOTCH1,True,False,False,True,,False
AACR-H0000168-M01,AACR-H0001109-M01,55,NOTCH1,TP53,True,True,True,True,True,True
AACR-H0000168-M01,AACR-H0001104-M01,55,NOTCH1,TP53,True,True,True,True,True,True
AACR-H0001204-M01,AACR-H0000136-M01,55,SMC3,FLT3,True,True,True,True,True,True
AACR-H0000015-M01,AACR-H0000053-M01,55,EGFR,EGFR,True,True,True,True,True,True
AACR-H0000600-M01,AACR-H0000325-M01,55,NPM1,CBL,True,False,False,True,,False
AACR-H0001102-M01,AACR-H0000172-M01,55,CSF3R,CBLB,False,True,False,,True,False
AACR-H0000166-M01,AACR-H0001109-M01,55,NOTCH1,TP53,True,True,True,True,True,True
AACR-H0000145-M01,AACR-H0001359-M01,54,GATA2,NOTCH1,True,True,True,True,True,True
AACR-H0001423-M01,AACR-H0001451-M01,54,PDE4DIP,PDE4DIP,True,True,True,True,True,True
AACR-H0001423-M01,AACR-H0001440-M01,54,PDE4DIP,PDE4DIP,True,False,False,True,,False
AACR-H0001423-M01,AACR-H0001462-M01,54,PDE4DIP,PDE4DIP,True,True,True,True,True,True
AACR-H0001423-M01,AACR-H0001429-M01,54,PDE4DIP,PDE4DIP,True,False,False,True,,False
AACR-H0001111-M01,AACR-H0000767-M01,54,PKHD1,PKHD1,False,True,False,,True,False
AACR-H0000640-M01,AACR-H0000339-M01,54,WT1,JAK3,False,True,False,,True,False
AACR-H0000643-M01,AACR-H0000339-M01,54,WT1,JAK3,True,True,True,True,True,True
AACR-H0000643-M01,AACR-H0000336-M01,54,WT1,JAK3,True,True,True,True,True,True
AACR-H0000001-M01,AACR-H0000041-M01,54,KRAS,APC,True,True,True,True,True,True
AACR-H0001462-M01,AACR-H0001440-M01,54,PDE4DIP,PDE4DIP,True,False,False,True,,False
AACR-H0001462-M01,AACR-H0001429-M01,54,PDE4DIP,PDE4DIP,True,False,False,True,,False
AACR-H0001421-M01,AACR-H0001270-M01,54,TET2,TET2,True,True,True,True,True,True
AACR-H0000640-M01,AACR-H0000336-M01,54,WT1,JAK3,False,True,False,,True,False
AACR-H0001462-M01,AACR-H0001451-M01,54,PDE4DIP,PDE4DIP,True,True,True,True,True,True
AACR-H0000354-M01,AACR-H0000537-M01,54,RAD21,SETBP1,True,False,False,True,,False
AACR-H0000180-M01,AACR-H0001216-M01,54,NOTCH1,SMC3,False,True,False,,True,False
AACR-H0000172-M01,AACR-H0001217-M01,54,CBLB,SMC3,True,True,True,True,True,True
AACR-H0001102-M01,AACR-H0000180-M01,54,CSF3R,NOTCH1,False,False,False,,,False
AACR-H0001451-M01,AACR-H0001429-M01,54,PDE4DIP,PDE4DIP,True,False,False,True,,False
AACR-H0001451-M01,AACR-H0001440-M01,54,PDE4DIP,PDE4DIP,True,False,False,True,,False
AACR-H0000172-M01,AACR-H0001216-M01,54,CBLB,SMC3,True,True,True,True,True,True
AACR-H0000600-M01,AACR-H0000273-M01,54,NPM1,JAK3,True,False,False,True,,False
AACR-H0001429-M01,AACR-H0001440-M01,54,PDE4DIP,PDE4DIP,False,False,False,,,False
AACR-H0000180-M01,AACR-H0001104-M01,54,NOTCH1,TP53,False,True,False,,True,False
AACR-H0000180-M01,AACR-H0001109-M01,54,NOTCH1,TP53,False,True,False,,True,False
AACR-H0000180-M01,AACR-H0001204-M01,54,NOTCH1,SMC3,False,True,False,,True,False
AACR-H0000345-M01,AACR-H0000368-M01,54,PDGFRA,KIT,False,True,False,,True,False
AACR-H0000180-M01,AACR-H0001217-M01,54,NOTCH1,SMC3,False,True,False,,True,False
AACR-H0000005-M01,AACR-H0000012-M01,54,PIK3CA,KRAS,True,True,True,True,True,True
AACR-H0000172-M01,AACR-H0001204-M01,54,CBLB,SMC3,True,True,True,True,True,True
AACR-H0001359-M01,AACR-H0000136-M01,54,NOTCH1,FLT3,True,True,True,True,True,True
AACR-H0000316-M01,AACR-H0000537-M01,54,SF3B1,SETBP1,True,False,False,True,,False
AACR-H0000614-M01,AACR-H0000345-M01,54,GATA2,PDGFRA,True,False,False,True,,False
AACR-H0000342-M01,AACR-H0000600-M01,54,CSF3R,NPM1,False,True,False,,True,False
AACR-H0000940-M01,AACR-H0000226-M01,53,KRAS,ZRSR2,True,False,False,True,True,True
AACR-H0001481-M01,AACR-H0000166-M01,53,NOTCH1,NOTCH1,True,True,True,True,True,True
AACR-H0001427-M01,AACR-H0001440-M01,53,PDE4DIP,PDE4DIP,True,False,False,True,,False
AACR-H0001427-M01,AACR-H0001423-M01,53,PDE4DIP,PDE4DIP,True,True,True,True,True,True
AACR-H0001481-M01,AACR-H0000132-M01,53,NOTCH1,RUNX1,True,False,False,True,,False
AACR-H0001481-M01,AACR-H0000123-M01,53,NOTCH1,SMC3,True,True,True,True,True,True
AACR-H0001427-M01,AACR-H0001462-M01,53,PDE4DIP,PDE4DIP,True,True,True,True,True,True
AACR-H0001427-M01,AACR-H0001429-M01,53,PDE4DIP,PDE4DIP,True,False,False,True,,False
AACR-H0001427-M01,AACR-H0001451-M01,53,PDE4DIP,PDE4DIP,True,True,True,True,True,True
AACR-H0001481-M01,AACR-H0000118-M01,53,NOTCH1,SRSF2,True,True,True,True,True,True
AACR-H0001463-M01,AACR-H0001475-M01,53,MARK1,MARK1,True,True,True,True,True,True
AACR-H0000325-M01,AACR-H0000537-M01,53,CBL,SETBP1,False,False,False,,,False
AACR-H0000158-M01,AACR-H0001481-M01,53,NOTCH1,NOTCH1,True,True,True,True,True,True
AACR-H0001359-M01,AACR-H0000137-M01,53,NOTCH1,SRSF2,True,True,True,True,True,True
AACR-H0000168-M01,AACR-H0001204-M01,53,NOTCH1,SMC3,True,True,True,True,True,True
AACR-H0000316-M01,AACR-H0000614-M01,53,SF3B1,GATA2,True,True,True,True,True,True
AACR-H0001481-M01,AACR-H0000168-M01,53,NOTCH1,NOTCH1,True,True,True,True,True,True
AACR-H0000166-M01,AACR-H0001217-M01,53,NOTCH1,SMC3,True,True,True,True,True,True
AACR-H0001259-M01,AACR-H0001488-M01,53,SMO,SMO,True,True,True,True,True,True
AACR-H0000064-M01,AACR-H0000056-M01,53,PTEN,BCOR,True,True,True,True,True,True
AACR-H0000166-M01,AACR-H0001216-M01,53,NOTCH1,SMC3,True,True,True,True,True,True
AACR-H0000166-M01,AACR-H0001204-M01,53,NOTCH1,SMC3,True,True,True,True,True,True
AACR-H0000122-M01,AACR-H0001481-M01,53,PDGFRA,NOTCH1,True,True,True,True,True,True
AACR-H0000920-M01,AACR-H0000238-M01,53,KIT,NPM1,False,False,False,True,,False
AACR-H0001359-M01,AACR-H0001481-M01,53,NOTCH1,NOTCH1,True,True,True,True,True,True
AACR-H0000168-M01,AACR-H0001216-M01,53,NOTCH1,SMC3,True,True,True,True,True,True
AACR-H0000180-M01,AACR-H0001481-M01,53,NOTCH1,NOTCH1,False,True,False,,True,False
AACR-H0000614-M01,AACR-H0000325-M01,53,GATA2,CBL,True,False,False,True,,False
AACR-H0000168-M01,AACR-H0001217-M01,53,NOTCH1,SMC3,True,True,True,True,True,True
AACR-H0000251-M01,AACR-H0000940-M01,53,CUX1,KRAS,True,True,True,True,True,True
AACR-H0000124-M01,AACR-H0001481-M01,53,CBLB,NOTCH1,False,True,False,,True,False
AACR-H0000018-M01,AACR-H0000059-M01,53,JAK2,SRSF2,True,True,True,True,True,True
AACR-H0000128-M01,AACR-H0001481-M01,53,CBLB,NOTCH1,False,True,False,,True,False
AACR-H0000007-M01,AACR-H0000003-M01,53,TP53,BRAF,True,True,True,True,True,True
AACR-H0000970-M01,AACR-H0000967-M01,53,CREBBP,CREBBP,True,True,True,True,True,True
AACR-H0001472-M01,AACR-H0001508-M01,52,BCR,BCR,True,True,True,True,True,True
AACR-H0000342-M01,AACR-H0000614-M01,52,CSF3R,GATA2,False,True,False,,True,False
AACR-H0000002-M01,AACR-H0000025-M01,52,KRAS,TP53,True,True,True,True,True,True
AACR-H0000970-M01,AACR-H0001075-M01,52,CREBBP,CREBBP,True,True,True,True,True,True
AACR-H0001481-M01,AACR-H0000178-M01,52,NOTCH1,NOTCH1,True,False,False,True,,False
AACR-H0000920-M01,AACR-H0000226-M01,52,KIT,ZRSR2,False,False,False,True,True,True
AACR-H0000133-M01,AACR-H0001481-M01,52,CUX1,NOTCH1,True,True,True,True,True,True
AACR-H0000142-M01,AACR-H0001481-M01,52,CUX1,NOTCH1,False,True,False,,True,False
AACR-H0000640-M01,AACR-H0000359-M01,52,WT1,IDH2,False,True,False,,True,False
AACR-H0000414-M01,AACR-H0001504-M01,52,SYNE1,SYNE1,False,True,False,,True,False
AACR-H0000573-M01,AACR-H0000339-M01,51,KRAS,JAK3,False,True,False,,True,False
AACR-H0001206-M01,AACR-H0001578-M01,51,ZNF217,ZNF217,False,True,False,,True,False
AACR-H0000185-M01,AACR-H0001109-M01,51,CSF3R,TP53,True,True,True,True,True,True
AACR-H0000185-M01,AACR-H0001359-M01,51,CSF3R,NOTCH1,True,True,True,True,True,True
AACR-H0000145-M01,AACR-H0001481-M01,51,GATA2,NOTCH1,True,True,True,True,True,True
AACR-H0001578-M01,AACR-H0001287-M01,51,ZNF217,ZNF217,True,False,False,True,,False
AACR-H0000573-M01,AACR-H0000336-M01,51,KRAS,JAK3,False,True,False,,True,False
AACR-H0000643-M01,AACR-H0000359-M01,51,WT1,IDH2,True,True,True,True,True,True
AACR-H0001104-M01,AACR-H0000203-M01,51,TP53,SETBP1,True,False,False,True,,False
AACR-H0001106-M01,AACR-H0001578-M01,51,ZNF217,ZNF217,False,True,False,,True,False
AACR-H0000920-M01,AACR-H0000359-M01,51,KIT,IDH2,False,True,False,True,True,True
AACR-H0001470-M01,AACR-H0001575-M01,51,NUP214,NUP214,False,True,False,,True,False
AACR-H0000393-M01,AACR-H0000573-M01,51,JAK2,KRAS,False,False,False,,,False
AACR-H0001109-M01,AACR-H0000203-M01,51,TP53,SETBP1,True,False,False,True,,False
AACR-H0001102-M01,AACR-H0000215-M01,51,CSF3R,NOTCH1,False,False,False,,True,False
AACR-H0000185-M01,AACR-H0001104-M01,51,CSF3R,TP53,True,True,True,True,True,True
AACR-H0001481-M01,AACR-H0000136-M01,51,NOTCH1,FLT3,True,True,True,True,True,True
AACR-H0001481-M01,AACR-H0000137-M01,51,NOTCH1,SRSF2,True,True,True,True,True,True
AACR-H0000345-M01,AACR-H0000600-M01,51,PDGFRA,NPM1,False,True,False,,True,False
AACR-H0000579-M01,AACR-H0000336-M01,51,PDGFRA,JAK3,False,True,False,,True,False
AACR-H0001590-M01,AACR-H0001588-M01,50,ACTG1,ACTG1,True,True,True,True,True,True
AACR-H0001204-M01,AACR-H0000203-M01,50,SMC3,SETBP1,True,False,False,True,,False
AACR-H0001261-M01,AACR-H0001588-M01,50,ACTG1,ACTG1,True,True,True,True,True,True
AACR-H0000579-M01,AACR-H0000339-M01,50,PDGFRA,JAK3,False,True,False,,True,False
AACR-H0000579-M01,AACR-H0000325-M01,50,PDGFRA,CBL,False,False,False,,,False
AACR-H0001265-M01,AACR-H0001588-M01,50,ACTG1,ACTG1,False,True,False,,True,False
AACR-H0000316-M01,AACR-H0000586-M01,50,SF3B1,GATA2,True,True,True,True,True,True
AACR-H0000005-M01,AACR-H0000007-M01,50,PIK3CA,TP53,True,True,True,True,True,True
AACR-H0001261-M01,AACR-H0001590-M01,50,ACTG1,ACTG1,True,True,True,True,True,True
AACR-H0000393-M01,AACR-H0000640-M01,50,JAK2,WT1,False,False,False,,,False
AACR-H0000147-M01,AACR-H0001359-M01,50,NRAS,NOTCH1,True,True,True,True,True,True
AACR-H0001597-M01,AACR-H0001623-M01,50,TRIP11,TRIP11,True,True,True,True,True,True
AACR-H0001102-M01,AACR-H0000198-M01,50,CSF3R,RUNX1,False,False,False,,,False
AACR-H0000215-M01,AACR-H0000940-M01,50,NOTCH1,KRAS,False,True,False,True,True,True
AACR-H0001265-M01,AACR-H0001590-M01,50,ACTG1,ACTG1,False,True,False,,True,False
AACR-H0001269-M01,AACR-H0001588-M01,50,ACTG1,ACTG1,True,True,True,True,True,True
AACR-H0001607-M01,AACR-H0001283-M01,50,NCOR2,NCOR2,False,False,False,,,False
AACR-H0001217-M01,AACR-H0000203-M01,50,SMC3,SETBP1,True,False,False,True,,False
AACR-H0001216-M01,AACR-H0000203-M01,50,SMC3,SETBP1,True,False,False,True,,False
AACR-H0000614-M01,AACR-H0000273-M01,50,GATA2,JAK3,True,False,False,True,,False
AACR-H0001269-M01,AACR-H0001590-M01,50,ACTG1,ACTG1,True,True,True,True,True,True
